FileIndex,Category
1,P131
2,P641
3,P131
4,P641
5,P641
6,P413
7,P413
8,P641
9,P17
10,P641
11,P641
12,P641
13,P641
14,P641
15,P641
16,P641
17,P641
18,P27
19,P131
20,P118
21,P17
22,P118
23,P17
24,P131
25,P27
26,P413
27,P641
28,P413
29,P641
30,P131
31,P131
32,P641
33,P641
34,P641
35,P155
36,P17
37,P131
38,P131
39,P17
40,P17
41,P17
42,P641
43,P641
44,P118
45,P131
46,P641
47,P1344
48,P17
49,P118
50,P17
51,P131
52,P641
53,P641
54,P17
55,P118
56,P155
57,P17
58,P641
59,P131
60,P641
61,P156
62,P641
63,P1344
64,P641
65,P131
66,P17
67,P641
68,P413
69,P131
70,P131
71,P118
72,P131
73,P118
74,P17
75,P641
76,P17
77,P17
78,P17
79,P641
80,P641
81,P131
82,P118
83,P131
84,P641
85,P17
86,P641
87,P118
88,P641
89,P156
90,P641
91,P118
92,P156
93,P17
94,P17
95,P17
96,P17
97,P156
98,P17
99,P17
100,P156
101,P156
102,P641
103,P156
104,P156
105,P17
106,P156
107,P156
108,P17
109,P641
110,P641
111,P131
112,P17
113,P156
114,P156
115,P17
116,P156
117,P641
118,P641
119,P17
120,P17
121,P156
122,P156
123,P17
124,P17
125,P156
126,P156
127,P17
128,P641
129,P156
130,P156
131,P17
132,P17
133,P156
134,P156
135,P17
136,P156
137,P156
138,P17
139,P17
140,P156
141,P156
142,P17
143,P641
144,P17
145,P17
146,P156
147,P641
148,P155
149,P17
150,P17
151,P156
152,P17
153,P156
154,P17
155,P17
156,P17
157,P156
158,P641
159,P17
160,P156
161,P156
162,P155
163,P17
164,P17
165,P17
166,P156
167,P17
168,P17
169,P641
170,P156
171,P17
172,P641
173,P156
174,P156
175,P156
176,P17
177,P17
178,P17
179,P155
180,P156
181,P17
182,P17
183,P17
184,P17
185,P27
186,P641
187,P155
188,P156
189,P17
190,P156
191,P17
192,P156
193,P155
194,P17
195,P156
196,P17
197,P17
198,P156
199,P156
200,P17
201,P17
202,P641
203,P641
204,P156
205,P17
206,P17
207,P156
208,P156
209,P17
210,P17
211,P641
212,P641
213,P156
214,P17
215,P17
216,P156
217,P156
218,P118
219,P156
220,P641
221,P156
222,P156
223,P156
224,P156
225,P156
226,P17
227,P641
228,P641
229,P17
230,P641
231,P156
232,P156
233,P17
234,P156
235,P17
236,P155
237,P156
238,P17
239,P17
240,P156
241,P17
242,P17
243,P17
244,P156
245,P641
246,P156
247,P131
248,P156
249,P156
250,P156
251,P156
252,P17
253,P17
254,P17
255,P17
256,P17
257,P17
258,P156
259,P641
260,P17
261,P17
262,P17
263,P17
264,P641
265,P156
266,P17
267,P17
268,P156
269,P17
270,P17
271,P17
272,P17
273,P156
274,P156
275,P156
276,P156
277,P156
278,P156
279,P17
280,P17
281,P156
282,P17
283,P17
284,P156
285,P641
286,P156
287,P156
288,P17
289,P17
290,P155
291,P155
292,P17
293,P156
294,P156
295,P17
296,P17
297,P156
298,P156
299,P641
300,P17
301,P156
302,P156
303,P156
304,P17
305,P17
306,P17
307,P155
308,P156
309,P131
310,P131
311,P641
312,P156
313,P17
314,P641
315,P641
316,P641
317,P131
318,P131
319,P17
320,P17
321,P641
322,P131
323,P131
324,P118
325,P118
326,P17
327,P118
328,P131
329,P641
330,P17
331,P156
332,P156
333,P155
334,P156
335,P155
336,P156
337,P118
338,P641
339,P641
340,P641
341,P155
342,P641
343,P641
344,P118
345,P17
346,P156
347,P17
348,P156
349,P156
350,P17
351,P17
352,P17
353,P17
354,P156
355,P641
356,P156
357,P17
358,P156
359,P17
360,P17
361,P17
362,P156
363,P156
364,P17
365,P156
366,P641
367,P641
368,P17
369,P156
370,P641
371,P155
372,P17
373,P17
374,P17
375,P17
376,P17
377,P17
378,P156
379,P17
380,P155
381,P156
382,P156
383,P17
384,P641
385,P641
386,P17
387,P155
388,P156
389,P155
390,P17
391,P156
392,P641
393,P641
394,P156
395,P156
396,P17
397,P156
398,P641
399,P118
400,P131
401,P156
402,P17
403,P17
404,P156
405,P156
406,P17
407,P156
408,P156
409,P17
410,P17
411,P156
412,P156
413,P17
414,P17
415,P641
416,P641
417,P156
418,P156
419,P156
420,P156
421,P17
422,P17
423,P156
424,P156
425,P17
426,P156
427,P156
428,P156
429,P156
430,P17
431,P156
432,P156
433,P17
434,P641
435,P17
436,P641
437,P1344
438,P155
439,P17
440,P17
441,P156
442,P156
443,P156
444,P17
445,P156
446,P641
447,P641
448,P156
449,P156
450,P17
451,P17
452,P156
453,P156
454,P156
455,P156
456,P17
457,P156
458,P17
459,P641
460,P641
461,P156
462,P17
463,P156
464,P156
465,P156
466,P156
467,P17
468,P156
469,P17
470,P17
471,P156
472,P156
473,P17
474,P156
475,P156
476,P641
477,P155
478,P17
479,P17
480,P156
481,P156
482,P17
483,P156
484,P17
485,P156
486,P17
487,P156
488,P641
489,P17
490,P17
491,P156
492,P17
493,P155
494,P156
495,P156
496,P17
497,P641
498,P641
499,P156
500,P17
501,P156
502,P156
503,P17
504,P641
505,P156
506,P156
507,P17
508,P155
509,P641
510,P17
511,P17
512,P17
513,P17
514,P17
515,P17
516,P156
517,P156
518,P17
519,P155
520,P641
521,P17
522,P156
523,P156
524,P131
525,P156
526,P131
527,P641
528,P156
529,P17
530,P17
531,P17
532,P17
533,P17
534,P156
535,P17
536,P155
537,P156
538,P641
539,P156
540,P156
541,P17
542,P156
543,P156
544,P156
545,P17
546,P17
547,P17
548,P156
549,P17
550,P156
551,P155
552,P641
553,P156
554,P156
555,P17
556,P17
557,P155
558,P641
559,P156
560,P155
561,P17
562,P17
563,P17
564,P156
565,P156
566,P155
567,P641
568,P155
569,P17
570,P156
571,P156
572,P156
573,P17
574,P17
575,P156
576,P156
577,P641
578,P155
579,P17
580,P156
581,P17
582,P156
583,P17
584,P156
585,P156
586,P156
587,P156
588,P156
589,P131
590,P131
591,P641
592,P17
593,P17
594,P17
595,P17
596,P17
597,P17
598,P156
599,P156
600,P156
601,P156
602,P641
603,P17
604,P156
605,P156
606,P156
607,P17
608,P17
609,P156
610,P156
611,P17
612,P641
613,P156
614,P17
615,P156
616,P17
617,P156
618,P17
619,P17
620,P17
621,P641
622,P641
623,P155
624,P641
625,P156
626,P17
627,P156
628,P17
629,P17
630,P156
631,P641
632,P156
633,P17
634,P156
635,P17
636,P17
637,P641
638,P156
639,P17
640,P17
641,P17
642,P641
643,P641
644,P641
645,P131
646,P1344
647,P17
648,P17
649,P1344
650,P131
651,P1344
652,P131
653,P17
654,P118
655,P641
656,P641
657,P131
658,P118
659,P641
660,P641
661,P641
662,P641
663,P641
664,P641
665,P413
666,P413
667,P131
668,P17
669,P641
670,P413
671,P413
672,P155
673,P118
674,P413
675,P131
676,P131
677,P131
678,P118
679,P641
680,P641
681,P27
682,P641
683,P118
684,P118
685,P413
686,P413
687,P118
688,P641
689,P641
690,P1344
691,P17
692,P5353
693,P641
694,P641
695,P17
696,P641
697,P1344
698,P641
699,P156
700,P641
701,P17
702,P17
703,P131
704,P131
705,P641
706,P131
707,P17
708,P17
709,P17
710,P17
711,P641
712,P641
713,P641
714,P641
715,P641
716,P118
717,P131
718,P641
719,P641
720,P131
721,P641
722,P131
723,P118
724,P641
725,P641
726,P5353
727,P118
728,P641
729,P17
730,P17
731,P641
732,P118
733,P641
734,P641
735,P641
736,P131
737,P17
738,P17
739,P641
740,P17
741,P17
742,P131
743,P17
744,P131
745,P131
746,P17
747,P17
748,P131
749,P131
750,P641
751,P641
752,P131
753,P118
754,P131
755,P5353
756,P27
757,P413
758,P17
759,P131
760,P17
761,P27
762,P413
763,P27
764,P131
765,P118
766,P118
767,P118
768,P27
769,P17
770,P118
771,P641
772,P413
773,P641
774,P131
775,P17
776,P131
777,P17
778,P17
779,P5353
780,P641
781,P1344
782,P641
783,P641
784,P641
785,P641
786,P118
787,P131
788,P641
789,P641
790,P17
791,P641
792,P641
793,P413
794,P413
795,P413
796,P27
797,P641
798,P641
799,P17
800,P17
801,P641
802,P641
803,P641
804,P17
805,P17
806,P17
807,P17
808,P17
809,P641
810,P17
811,P17
812,P17
813,P17
814,P641
815,P641
816,P641
817,P641
818,P413
819,P413
820,P131
821,P131
822,P641
823,P641
824,P131
825,P27
826,P1344
827,P118
828,P641
829,P5353
830,P131
831,P17
832,P641
833,P641
834,P641
835,P131
836,P641
837,P641
838,P131
839,P131
840,P641
841,P17
842,P641
843,P131
844,P641
845,P641
846,P131
847,P131
848,P131
849,P27
850,P17
851,P118
852,P641
853,P641
854,P17
855,P131
856,P641
857,P118
858,P118
859,P641
860,P413
861,P641
862,P641
863,P17
864,P641
865,P641
866,P5353
867,P17
868,P27
869,P17
870,P641
871,P118
872,P131
873,P17
874,P155
875,P641
876,P641
877,P155
878,P155
879,P155
880,P156
881,P155
882,P641
883,P641
884,P131
885,P641
886,P131
887,P17
888,P413
889,P131
890,P131
891,P641
892,P131
893,P641
894,P641
895,P17
896,P155
897,P641
898,P17
899,P131
900,P17
901,P156
902,P156
903,P17
904,P17
905,P156
906,P17
907,P17
908,P641
909,P156
910,P17
911,P17
912,P156
913,P17
914,P17
915,P17
916,P17
917,P17
918,P27
919,P17
920,P641
921,P17
922,P17
923,P17
924,P156
925,P17
926,P156
927,P641
928,P156
929,P156
930,P17
931,P156
932,P17
933,P156
934,P17
935,P156
936,P17
937,P156
938,P156
939,P17
940,P17
941,P156
942,P156
943,P641
944,P1344
945,P156
946,P156
947,P17
948,P17
949,P156
950,P156
951,P156
952,P17
953,P17
954,P17
955,P641
956,P27
957,P17
958,P17
959,P131
960,P155
961,P27
962,P131
963,P131
964,P17
965,P17
966,P17
967,P17
968,P156
969,P17
970,P17
971,P17
972,P17
973,P17
974,P17
975,P17
976,P641
977,P156
978,P156
979,P156
980,P17
981,P17
982,P156
983,P156
984,P17
985,P17
986,P17
987,P156
988,P156
989,P641
990,P156
991,P17
992,P17
993,P156
994,P156
995,P17
996,P156
997,P156
998,P17
999,P641
1000,P131
1001,P131
1002,P17
1003,P1344
1004,P17
1005,P17
1006,P17
1007,P17
1008,P156
1009,P156
1010,P17
1011,P17
1012,P156
1013,P641
1014,P1344
1015,P17
1016,P17
1017,P17
1018,P641
1019,P641
1020,P1344
1021,P17
1022,P17
1023,P17
1024,P17
1025,P17
1026,P17
1027,P641
1028,P155
1029,P156
1030,P17
1031,P17
1032,P641
1033,P156
1034,P131
1035,P131
1036,P641
1037,P17
1038,P156
1039,P17
1040,P156
1041,P156
1042,P641
1043,P27
1044,P17
1045,P156
1046,P17
1047,P17
1048,P156
1049,P156
1050,P156
1051,P17
1052,P156
1053,P156
1054,P156
1055,P17
1056,P641
1057,P17
1058,P156
1059,P156
1060,P17
1061,P156
1062,P156
1063,P17
1064,P17
1065,P156
1066,P17
1067,P156
1068,P131
1069,P131
1070,P17
1071,P156
1072,P156
1073,P17
1074,P156
1075,P17
1076,P17
1077,P17
1078,P17
1079,P131
1080,P17
1081,P17
1082,P17
1083,P17
1084,P641
1085,P17
1086,P641
1087,P641
1088,P17
1089,P155
1090,P118
1091,P641
1092,P641
1093,P131
1094,P641
1095,P641
1096,P5353
1097,P641
1098,P641
1099,P641
1100,P17
1101,P641
1102,P641
1103,P118
1104,P641
1105,P131
1106,P413
1107,P17
1108,P641
1109,P641
1110,P17
1111,P641
1112,P131
1113,P641
1114,P1344
1115,P1344
1116,P17
1117,P131
1118,P118
1119,P17
1120,P641
1121,P641
1122,P641
1123,P641
1124,P17
1125,P641
1126,P641
1127,P17
1128,P155
1129,P156
1130,P1344
1131,P641
1132,P641
1133,P641
1134,P641
1135,P641
1136,P413
1137,P413
1138,P17
1139,P641
1140,P641
1141,P413
1142,P413
1143,P413
1144,P156
1145,P641
1146,P641
1147,P118
1148,P641
1149,P641
1150,P641
1151,P641
1152,P1344
1153,P27
1154,P641
1155,P131
1156,P641
1157,P131
1158,P641
1159,P641
1160,P131
1161,P131
1162,P27
1163,P131
1164,P131
1165,P118
1166,P641
1167,P118
1168,P641
1169,P641
1170,P1344
1171,P641
1172,P131
1173,P131
1174,P641
1175,P641
1176,P131
1177,P155
1178,P17
1179,P641
1180,P5353
1181,P131
1182,P155
1183,P155
1184,P131
1185,P118
1186,P641
1187,P641
1188,P131
1189,P641
1190,P641
1191,P641
1192,P641
1193,P118
1194,P413
1195,P156
1196,P641
1197,P1344
1198,P118
1199,P118
1200,P641
1201,P641
1202,P17
1203,P17
1204,P131
1205,P17
1206,P17
1207,P17
1208,P131
1209,P641
1210,P118
1211,P118
1212,P118
1213,P131
1214,P641
1215,P131
1216,P17
1217,P17
1218,P118
1219,P17
1220,P17
1221,P641
1222,P17
1223,P413
1224,P131
1225,P131
1226,P131
1227,P413
1228,P641
1229,P641
1230,P413
1231,P131
1232,P413
1233,P413
1234,P641
1235,P641
1236,P641
1237,P641
1238,P1344
1239,P131
1240,P641
1241,P118
1242,P641
1243,P641
1244,P131
1245,P641
1246,P641
1247,P641
1248,P641
1249,P413
1250,P27
1251,P131
1252,P641
1253,P641
1254,P1344
1255,P131
1256,P641
1257,P131
1258,P131
1259,P5353
1260,P1344
1261,P27
1262,P118
1263,P118
1264,P131
1265,P131
1266,P641
1267,P17
1268,P641
1269,P641
1270,P641
1271,P641
1272,P641
1273,P17
1274,P118
1275,P131
1276,P27
1277,P131
1278,P156
1279,P131
1280,P413
1281,P413
1282,P641
1283,P27
1284,P413
1285,P413
1286,P641
1287,P641
1288,P118
1289,P17
1290,P641
1291,P641
1292,P413
1293,P1344
1294,P17
1295,P1344
1296,P1344
1297,P1344
1298,P118
1299,P118
1300,P156
1301,P1344
1302,P641
1303,P413
1304,P641
1305,P131
1306,P118
1307,P641
1308,P641
1309,P17
1310,P118
1311,P118
1312,P413
1313,P131
1314,P131
1315,P641
1316,P413
1317,P413
1318,P17
1319,P17
1320,P17
1321,P641
1322,P641
1323,P641
1324,P17
1325,P17
1326,P17
1327,P17
1328,P17
1329,P17
1330,P641
1331,P156
1332,P118
1333,P131
1334,P641
1335,P17
1336,P17
1337,P131
1338,P641
1339,P156
1340,P17
1341,P17
1342,P17
1343,P641
1344,P641
1345,P17
1346,P156
1347,P17
1348,P156
1349,P131
1350,P641
1351,P131
1352,P27
1353,P5353
1354,P131
1355,P641
1356,P641
1357,P131
1358,P131
1359,P118
1360,P641
1361,P641
1362,P131
1363,P17
1364,P27
1365,P27
1366,P118
1367,P131
1368,P641
1369,P641
1370,P641
1371,P118
1372,P1344
1373,P27
1374,P17
1375,P641
1376,P641
1377,P1344
1378,P641
1379,P118
1380,P641
1381,P118
1382,P131
1383,P131
1384,P131
1385,P413
1386,P641
1387,P155
1388,P155
1389,P155
1390,P156
1391,P156
1392,P131
1393,P131
1394,P155
1395,P641
1396,P131
1397,P641
1398,P641
1399,P17
1400,P27
1401,P118
1402,P641
1403,P413
1404,P131
1405,P131
1406,P641
1407,P118
1408,P118
1409,P118
1410,P118
1411,P641
1412,P131
1413,P641
1414,P641
1415,P641
1416,P5353
1417,P641
1418,P641
1419,P17
1420,P17
1421,P17
1422,P17
1423,P17
1424,P131
1425,P641
1426,P118
1427,P131
1428,P17
1429,P118
1430,P17
1431,P641
1432,P641
1433,P118
1434,P641
1435,P155
1436,P155
1437,P155
1438,P155
1439,P156
1440,P641
1441,P641
1442,P641
1443,P17
1444,P641
1445,P413
1446,P118
1447,P131
1448,P155
1449,P131
1450,P17
1451,P17
1452,P17
1453,P17
1454,P131
1455,P641
1456,P27
1457,P118
1458,P641
1459,P641
1460,P641
1461,P131
1462,P413
1463,P641
1464,P641
1465,P641
1466,P17
1467,P118
1468,P641
1469,P118
1470,P131
1471,P641
1472,P1344
1473,P27
1474,P641
1475,P641
1476,P1344
1477,P641
1478,P641
1479,P413
1480,P641
1481,P641
1482,P641
1483,P118
1484,P155
1485,P131
1486,P17
1487,P118
1488,P131
1489,P1344
1490,P118
1491,P118
1492,P17
1493,P17
1494,P1344
1495,P131
1496,P17
1497,P27
1498,P118
1499,P641
1500,P118
1501,P131
1502,P131
1503,P131
1504,P17
1505,P1344
1506,P1344
1507,P1344
1508,P641
1509,P641
1510,P131
1511,P641
1512,P131
1513,P131
1514,P118
1515,P118
1516,P27
1517,P641
1518,P118
1519,P131
1520,P413
1521,P641
1522,P641
1523,P641
1524,P131
1525,P131
1526,P131
1527,P17
1528,P641
1529,P641
1530,P641
1531,P1344
1532,P1344
1533,P641
1534,P1344
1535,P27
1536,P131
1537,P131
1538,P641
1539,P118
1540,P118
1541,P131
1542,P118
1543,P118
1544,P131
1545,P131
1546,P118
1547,P641
1548,P17
1549,P118
1550,P131
1551,P131
1552,P131
1553,P27
1554,P641
1555,P17
1556,P118
1557,P17
1558,P131
1559,P17
1560,P17
1561,P641
1562,P131
1563,P131
1564,P131
1565,P641
1566,P641
1567,P641
1568,P641
1569,P641
1570,P118
1571,P131
1572,P131
1573,P131
1574,P118
1575,P641
1576,P17
1577,P17
1578,P641
1579,P118
1580,P641
1581,P641
1582,P17
1583,P641
1584,P17
1585,P641
1586,P641
1587,P17
1588,P641
1589,P131
1590,P641
1591,P131
1592,P17
1593,P17
1594,P641
1595,P641
1596,P641
1597,P155
1598,P118
1599,P17
1600,P17
1601,P413
1602,P413
1603,P17
1604,P641
1605,P17
1606,P641
1607,P641
1608,P641
1609,P641
1610,P17
1611,P131
1612,P131
1613,P17
1614,P131
1615,P118
1616,P641
1617,P641
1618,P118
1619,P118
1620,P118
1621,P131
1622,P17
1623,P17
1624,P1344
1625,P17
1626,P155
1627,P17
1628,P17
1629,P155
1630,P17
1631,P17
1632,P17
1633,P17
1634,P17
1635,P17
1636,P17
1637,P17
1638,P17
1639,P156
1640,P131
1641,P17
1642,P641
1643,P641
1644,P17
1645,P17
1646,P118
1647,P27
1648,P641
1649,P641
1650,P641
1651,P1344
1652,P131
1653,P5353
1654,P17
1655,P131
1656,P131
1657,P131
1658,P641
1659,P131
1660,P413
1661,P131
1662,P17
1663,P17
1664,P17
1665,P17
1666,P118
1667,P17
1668,P118
1669,P641
1670,P155
1671,P641
1672,P118
1673,P641
1674,P131
1675,P17
1676,P641
1677,P641
1678,P1344
1679,P641
1680,P131
1681,P131
1682,P131
1683,P131
1684,P131
1685,P17
1686,P17
1687,P27
1688,P118
1689,P131
1690,P413
1691,P131
1692,P131
1693,P17
1694,P17
1695,P27
1696,P131
1697,P17
1698,P156
1699,P131
1700,P641
1701,P5353
1702,P5353
1703,P5353
1704,P17
1705,P641
1706,P17
1707,P641
1708,P641
1709,P641
1710,P413
1711,P641
1712,P641
1713,P641
1714,P1344
1715,P27
1716,P641
1717,P1344
1718,P27
1719,P118
1720,P131
1721,P131
1722,P1344
1723,P641
1724,P131
1725,P641
1726,P641
1727,P641
1728,P131
1729,P641
1730,P27
1731,P413
1732,P413
1733,P641
1734,P118
1735,P131
1736,P17
1737,P17
1738,P155
1739,P641
1740,P641
1741,P131
1742,P156
1743,P641
1744,P641
1745,P27
1746,P131
1747,P118
1748,P131
1749,P131
1750,P641
1751,P118
1752,P1344
1753,P131
1754,P5353
1755,P156
1756,P118
1757,P641
1758,P131
1759,P118
1760,P641
1761,P131
1762,P641
1763,P641
1764,P118
1765,P118
1766,P118
1767,P641
1768,P17
1769,P17
1770,P17
1771,P641
1772,P641
1773,P641
1774,P5353
1775,P641
1776,P1344
1777,P641
1778,P641
1779,P641
1780,P131
1781,P641
1782,P131
1783,P641
1784,P641
1785,P131
1786,P131
1787,P1344
1788,P17
1789,P17
1790,P131
1791,P641
1792,P27
1793,P27
1794,P641
1795,P641
1796,P131
1797,P17
1798,P131
1799,P5353
1800,P155
1801,P641
1802,P641
1803,P641
1804,P1344
1805,P17
1806,P641
1807,P641
1808,P641
1809,P17
1810,P17
1811,P17
1812,P118
1813,P131
1814,P641
1815,P131
1816,P27
1817,P641
1818,P131
1819,P641
1820,P131
1821,P641
1822,P641
1823,P641
1824,P131
1825,P413
1826,P641
1827,P641
1828,P641
1829,P641
1830,P641
1831,P641
1832,P131
1833,P413
1834,P118
1835,P17
1836,P118
1837,P641
1838,P118
1839,P413
1840,P118
1841,P131
1842,P131
1843,P641
1844,P27
1845,P27
1846,P641
1847,P413
1848,P118
1849,P17
1850,P5353
1851,P5353
1852,P5353
1853,P5353
1854,P5353
1855,P641
1856,P17
1857,P17
1858,P155
1859,P156
1860,P155
1861,P155
1862,P155
1863,P156
1864,P155
1865,P156
1866,P156
1867,P156
1868,P156
1869,P641
1870,P17
1871,P131
1872,P118
1873,P641
1874,P641
1875,P17
1876,P641
1877,P413
1878,P17
1879,P118
1880,P641
1881,P118
1882,P641
1883,P1344
1884,P1344
1885,P641
1886,P17
1887,P413
1888,P413
1889,P641
1890,P413
1891,P641
1892,P118
1893,P641
1894,P118
1895,P17
1896,P641
1897,P131
1898,P131
1899,P17
1900,P17
1901,P17
1902,P131
1903,P641
1904,P641
1905,P131
1906,P641
1907,P17
1908,P641
1909,P1344
1910,P155
1911,P131
1912,P131
1913,P641
1914,P641
1915,P118
1916,P118
1917,P641
1918,P641
1919,P1344
1920,P17
1921,P641
1922,P118
1923,P131
1924,P131
1925,P131
1926,P131
1927,P641
1928,P131
1929,P5353
1930,P641
1931,P641
1932,P641
1933,P641
1934,P155
1935,P641
1936,P641
1937,P641
1938,P413
1939,P641
1940,P131
1941,P641
1942,P1344
1943,P641
1944,P641
1945,P641
1946,P156
1947,P641
1948,P17
1949,P131
1950,P156
1951,P156
1952,P641
1953,P641
1954,P131
1955,P641
1956,P1344
1957,P131
1958,P1344
1959,P1344
1960,P641
1961,P641
1962,P641
1963,P17
1964,P17
1965,P5353
1966,P118
1967,P641
1968,P641
1969,P641
1970,P641
1971,P641
1972,P155
1973,P17
1974,P155
1975,P155
1976,P5353
1977,P641
1978,P17
1979,P131
1980,P641
1981,P641
1982,P641
1983,P17
1984,P641
1985,P118
1986,P118
1987,P118
1988,P641
1989,P118
1990,P131
1991,P131
1992,P641
1993,P17
1994,P17
1995,P641
1996,P641
1997,P641
1998,P17
1999,P17
2000,P17
2001,P17
2002,P641
2003,P641
2004,P413
2005,P413
2006,P641
2007,P17
2008,P131
2009,P17
2010,P641
2011,P641
2012,P641
2013,P17
2014,P17
2015,P17
2016,P131
2017,P118
2018,P131
2019,P413
2020,P641
2021,P131
2022,P641
2023,P641
2024,P641
2025,P17
2026,P118
2027,P118
2028,P641
2029,P641
2030,P118
2031,P17
2032,P131
2033,P131
2034,P131
2035,P131
2036,P5353
2037,P156
2038,P155
2039,P156
2040,P155
2041,P155
2042,P17
2043,P131
2044,P641
2045,P641
2046,P118
2047,P27
2048,P641
2049,P17
2050,P156
2051,P17
2052,P118
2053,P641
2054,P641
2055,P5353
2056,P5353
2057,P17
2058,P131
2059,P131
2060,P641
2061,P641
2062,P641
2063,P131
2064,P131
2065,P641
2066,P1344
2067,P131
2068,P131
2069,P17
2070,P17
2071,P17
2072,P17
2073,P641
2074,P413
2075,P641
2076,P641
2077,P131
2078,P1344
2079,P131
2080,P131
2081,P641
2082,P156
2083,P1344
2084,P131
2085,P131
2086,P17
2087,P641
2088,P641
2089,P641
2090,P17
2091,P118
2092,P118
2093,P131
2094,P17
2095,P17
2096,P5353
2097,P131
2098,P131
2099,P641
2100,P641
2101,P17
2102,P118
2103,P641
2104,P641
2105,P156
2106,P156
2107,P156
2108,P155
2109,P156
2110,P1344
2111,P131
2112,P641
2113,P131
2114,P641
2115,P131
2116,P641
2117,P131
2118,P641
2119,P641
2120,P641
2121,P413
2122,P413
2123,P641
2124,P641
2125,P1344
2126,P131
2127,P131
2128,P17
2129,P17
2130,P17
2131,P17
2132,P641
2133,P118
2134,P17
2135,P131
2136,P5353
2137,P641
2138,P155
2139,P118
2140,P131
2141,P5353
2142,P131
2143,P131
2144,P131
2145,P131
2146,P131
2147,P155
2148,P155
2149,P131
2150,P118
2151,P17
2152,P131
2153,P641
2154,P413
2155,P641
2156,P131
2157,P641
2158,P641
2159,P641
2160,P155
2161,P156
2162,P155
2163,P155
2164,P156
2165,P641
2166,P413
2167,P17
2168,P17
2169,P17
2170,P641
2171,P641
2172,P641
2173,P641
2174,P118
2175,P641
2176,P17
2177,P5353
2178,P641
2179,P641
2180,P1344
2181,P17
2182,P17
2183,P17
2184,P17
2185,P17
2186,P641
2187,P17
2188,P17
2189,P17
2190,P641
2191,P641
2192,P27
2193,P131
2194,P27
2195,P641
2196,P641
2197,P641
2198,P131
2199,P131
2200,P641
2201,P641
2202,P641
2203,P641
2204,P641
2205,P641
2206,P1344
2207,P641
2208,P641
2209,P641
2210,P641
2211,P131
2212,P641
2213,P413
2214,P131
2215,P131
2216,P17
2217,P641
2218,P17
2219,P17
2220,P641
2221,P413
2222,P413
2223,P641
2224,P641
2225,P641
2226,P17
2227,P131
2228,P131
2229,P131
2230,P27
2231,P641
2232,P17
2233,P17
2234,P131
2235,P641
2236,P17
2237,P131
2238,P1344
2239,P131
2240,P118
2241,P131
2242,P17
2243,P641
2244,P131
2245,P641
2246,P641
2247,P118
2248,P131
2249,P641
2250,P413
2251,P118
2252,P131
2253,P641
2254,P641
2255,P641
2256,P131
2257,P641
2258,P131
2259,P131
2260,P17
2261,P641
2262,P641
2263,P131
2264,P131
2265,P27
2266,P118
2267,P641
2268,P641
2269,P156
2270,P641
2271,P641
2272,P1344
2273,P131
2274,P641
2275,P641
2276,P641
2277,P17
2278,P131
2279,P131
2280,P641
2281,P641
2282,P641
2283,P17
2284,P17
2285,P641
2286,P17
2287,P17
2288,P17
2289,P17
2290,P17
2291,P17
2292,P17
2293,P641
2294,P17
2295,P17
2296,P118
2297,P17
2298,P17
2299,P17
2300,P5353
2301,P641
2302,P413
2303,P641
2304,P641
2305,P131
2306,P17
2307,P641
2308,P641
2309,P413
2310,P413
2311,P641
2312,P641
2313,P17
2314,P641
2315,P641
2316,P641
2317,P641
2318,P641
2319,P641
2320,P118
2321,P641
2322,P131
2323,P641
2324,P641
2325,P1344
2326,P17
2327,P641
2328,P17
2329,P131
2330,P641
2331,P641
2332,P641
2333,P641
2334,P413
2335,P155
2336,P156
2337,P156
2338,P155
2339,P156
2340,P17
2341,P118
2342,P131
2343,P131
2344,P641
2345,P118
2346,P17
2347,P641
2348,P5353
2349,P118
2350,P641
2351,P17
2352,P17
2353,P131
2354,P641
2355,P641
2356,P131
2357,P131
2358,P641
2359,P641
2360,P118
2361,P131
2362,P118
2363,P413
2364,P1344
2365,P17
2366,P17
2367,P17
2368,P17
2369,P17
2370,P118
2371,P17
2372,P1344
2373,P156
2374,P641
2375,P641
2376,P118
2377,P641
2378,P641
2379,P641
2380,P641
2381,P641
2382,P641
2383,P17
2384,P5353
2385,P641
2386,P131
2387,P131
2388,P131
2389,P27
2390,P641
2391,P17
2392,P17
2393,P641
2394,P17
2395,P131
2396,P641
2397,P641
2398,P17
2399,P641
2400,P155
2401,P17
2402,P413
2403,P641
2404,P641
2405,P641
2406,P1344
2407,P17
2408,P641
2409,P118
2410,P27
2411,P131
2412,P118
2413,P17
2414,P131
2415,P413
2416,P118
2417,P131
2418,P131
2419,P131
2420,P641
2421,P641
2422,P131
2423,P17
2424,P17
2425,P17
2426,P17
2427,P641
2428,P1344
2429,P131
2430,P641
2431,P641
2432,P1344
2433,P641
2434,P17
2435,P27
2436,P641
2437,P413
2438,P413
2439,P641
2440,P1344
2441,P156
2442,P641
2443,P17
2444,P641
2445,P641
2446,P17
2447,P131
2448,P131
2449,P17
2450,P641
2451,P17
2452,P17
2453,P641
2454,P413
2455,P17
2456,P641
2457,P17
2458,P17
2459,P17
2460,P131
2461,P641
2462,P641
2463,P131
2464,P1344
2465,P17
2466,P641
2467,P131
2468,P641
2469,P17
2470,P641
2471,P641
2472,P641
2473,P641
2474,P17
2475,P641
2476,P17
2477,P17
2478,P413
2479,P641
2480,P641
2481,P641
2482,P131
2483,P17
2484,P118
2485,P641
2486,P118
2487,P131
2488,P641
2489,P156
2490,P641
2491,P641
2492,P17
2493,P641
2494,P641
2495,P641
2496,P641
2497,P1344
2498,P131
2499,P118
2500,P131
2501,P131
2502,P131
2503,P413
2504,P17
2505,P641
2506,P641
2507,P17
2508,P641
2509,P641
2510,P641
2511,P641
2512,P641
2513,P156
2514,P641
2515,P641
2516,P641
2517,P641
2518,P17
2519,P17
2520,P641
2521,P641
2522,P413
2523,P641
2524,P1344
2525,P641
2526,P641
2527,P641
2528,P641
2529,P641
2530,P641
2531,P641
2532,P641
2533,P641
2534,P641
2535,P641
2536,P1344
2537,P641
2538,P641
2539,P17
2540,P131
2541,P118
2542,P641
2543,P641
2544,P118
2545,P131
2546,P131
2547,P641
2548,P641
2549,P641
2550,P5353
2551,P17
2552,P641
2553,P131
2554,P155
2555,P156
2556,P131
2557,P17
2558,P17
2559,P641
2560,P131
2561,P413
2562,P641
2563,P641
2564,P641
2565,P131
2566,P118
2567,P5353
2568,P131
2569,P156
2570,P641
2571,P131
2572,P641
2573,P17
2574,P131
2575,P27
2576,P641
2577,P118
2578,P641
2579,P131
2580,P131
2581,P641
2582,P131
2583,P131
2584,P641
2585,P17
2586,P641
2587,P131
2588,P641
2589,P131
2590,P131
2591,P641
2592,P118
2593,P131
2594,P131
2595,P131
2596,P641
2597,P413
2598,P413
2599,P17
2600,P17
2601,P131
2602,P17
2603,P17
2604,P131
2605,P17
2606,P131
2607,P118
2608,P17
2609,P641
2610,P641
2611,P413
2612,P641
2613,P641
2614,P118
2615,P131
2616,P413
2617,P17
2618,P641
2619,P641
2620,P641
2621,P641
2622,P27
2623,P641
2624,P641
2625,P118
2626,P1344
2627,P641
2628,P641
2629,P118
2630,P17
2631,P131
2632,P118
2633,P131
2634,P641
2635,P641
2636,P641
2637,P156
2638,P131
2639,P17
2640,P156
2641,P156
2642,P17
2643,P641
2644,P156
2645,P131
2646,P156
2647,P17
2648,P155
2649,P641
2650,P156
2651,P155
2652,P156
2653,P155
2654,P131
2655,P131
2656,P131
2657,P17
2658,P27
2659,P641
2660,P17
2661,P17
2662,P641
2663,P131
2664,P131
2665,P641
2666,P641
2667,P131
2668,P17
2669,P641
2670,P27
2671,P17
2672,P641
2673,P641
2674,P1344
2675,P155
2676,P155
2677,P155
2678,P155
2679,P156
2680,P131
2681,P641
2682,P641
2683,P131
2684,P118
2685,P118
2686,P641
2687,P131
2688,P641
2689,P131
2690,P17
2691,P641
2692,P118
2693,P156
2694,P641
2695,P118
2696,P641
2697,P131
2698,P131
2699,P17
2700,P641
2701,P641
2702,P641
2703,P131
2704,P131
2705,P27
2706,P27
2707,P131
2708,P131
2709,P118
2710,P131
2711,P641
2712,P641
2713,P5353
2714,P131
2715,P131
2716,P118
2717,P118
2718,P17
2719,P17
2720,P641
2721,P131
2722,P131
2723,P641
2724,P641
2725,P641
2726,P413
2727,P413
2728,P641
2729,P118
2730,P413
2731,P641
2732,P118
2733,P118
2734,P131
2735,P641
2736,P17
2737,P131
2738,P17
2739,P641
2740,P641
2741,P641
2742,P413
2743,P641
2744,P641
2745,P413
2746,P641
2747,P641
2748,P17
2749,P17
2750,P641
2751,P641
2752,P17
2753,P131
2754,P131
2755,P131
2756,P17
2757,P118
2758,P118
2759,P118
2760,P131
2761,P17
2762,P641
2763,P131
2764,P17
2765,P17
2766,P5353
2767,P17
2768,P118
2769,P17
2770,P118
2771,P17
2772,P641
2773,P413
2774,P641
2775,P641
2776,P17
2777,P131
2778,P17
2779,P641
2780,P641
2781,P641
2782,P641
2783,P641
2784,P131
2785,P118
2786,P17
2787,P17
2788,P1344
2789,P17
2790,P641
2791,P17
2792,P641
2793,P131
2794,P131
2795,P131
2796,P118
2797,P118
2798,P413
2799,P17
2800,P155
2801,P641
2802,P413
2803,P413
2804,P641
2805,P641
2806,P17
2807,P17
2808,P118
2809,P155
2810,P155
2811,P155
2812,P118
2813,P413
2814,P413
2815,P118
2816,P118
2817,P131
2818,P27
2819,P413
2820,P156
2821,P156
2822,P17
2823,P413
2824,P641
2825,P1344
2826,P131
2827,P155
2828,P155
2829,P156
2830,P155
2831,P156
2832,P641
2833,P27
2834,P118
2835,P131
2836,P641
2837,P413
2838,P155
2839,P155
2840,P118
2841,P17
2842,P131
2843,P131
2844,P131
2845,P641
2846,P641
2847,P118
2848,P118
2849,P641
2850,P413
2851,P17
2852,P641
2853,P641
2854,P641
2855,P118
2856,P413
2857,P641
2858,P118
2859,P118
2860,P641
2861,P641
2862,P641
2863,P641
2864,P131
2865,P641
2866,P17
2867,P641
2868,P17
2869,P17
2870,P155
2871,P641
2872,P641
2873,P118
2874,P641
2875,P131
2876,P131
2877,P641
2878,P131
2879,P118
2880,P641
2881,P131
2882,P17
2883,P17
2884,P17
2885,P131
2886,P17
2887,P641
2888,P131
2889,P118
2890,P17
2891,P131
2892,P17
2893,P641
2894,P17
2895,P118
2896,P131
2897,P131
2898,P17
2899,P118
2900,P17
2901,P17
2902,P17
2903,P118
2904,P17
2905,P641
2906,P155
2907,P641
2908,P641
2909,P131
2910,P27
2911,P641
2912,P413
2913,P131
2914,P641
2915,P641
2916,P131
2917,P641
2918,P17
2919,P641
2920,P641
2921,P27
2922,P641
2923,P27
2924,P641
2925,P413
2926,P156
2927,P156
2928,P156
2929,P156
2930,P17
2931,P641
2932,P17
2933,P17
2934,P156
2935,P641
2936,P641
2937,P155
2938,P641
2939,P17
2940,P27
2941,P641
2942,P27
2943,P641
2944,P131
2945,P155
2946,P641
2947,P131
2948,P118
2949,P641
2950,P641
2951,P1344
2952,P155
2953,P1344
2954,P27
2955,P413
2956,P27
2957,P27
2958,P17
2959,P17
2960,P1344
2961,P641
2962,P641
2963,P17
2964,P17
2965,P17
2966,P17
2967,P131
2968,P131
2969,P131
2970,P641
2971,P641
2972,P413
2973,P17
2974,P17
2975,P17
2976,P131
2977,P641
2978,P641
2979,P131
2980,P131
2981,P118
2982,P118
2983,P118
2984,P131
2985,P641
2986,P17
2987,P641
2988,P118
2989,P131
2990,P17
2991,P641
2992,P641
2993,P641
2994,P1344
2995,P131
2996,P413
2997,P118
2998,P156
2999,P118
3000,P118
3001,P641
3002,P641
3003,P131
3004,P131
3005,P17
3006,P118
3007,P641
3008,P131
3009,P131
3010,P131
3011,P131
3012,P641
3013,P118
3014,P118
3015,P641
3016,P1344
3017,P131
3018,P641
3019,P131
3020,P118
3021,P131
3022,P641
3023,P641
3024,P156
3025,P156
3026,P156
3027,P156
3028,P131
3029,P413
3030,P156
3031,P641
3032,P641
3033,P641
3034,P641
3035,P641
3036,P641
3037,P641
3038,P118
3039,P156
3040,P131
3041,P641
3042,P1344
3043,P641
3044,P118
3045,P131
3046,P131
3047,P118
3048,P118
3049,P131
3050,P641
3051,P131
3052,P131
3053,P17
3054,P118
3055,P641
3056,P641
3057,P413
3058,P118
3059,P118
3060,P131
3061,P641
3062,P641
3063,P156
3064,P17
3065,P156
3066,P156
3067,P156
3068,P17
3069,P156
3070,P156
3071,P156
3072,P156
3073,P131
3074,P131
3075,P156
3076,P17
3077,P17
3078,P156
3079,P156
3080,P156
3081,P131
3082,P156
3083,P17
3084,P17
3085,P156
3086,P156
3087,P156
3088,P17
3089,P156
3090,P156
3091,P17
3092,P131
3093,P156
3094,P156
3095,P17
3096,P156
3097,P156
3098,P641
3099,P131
3100,P17
3101,P156
3102,P156
3103,P17
3104,P156
3105,P156
3106,P156
3107,P156
3108,P17
3109,P156
3110,P156
3111,P156
3112,P156
3113,P156
3114,P156
3115,P156
3116,P17
3117,P156
3118,P156
3119,P156
3120,P17
3121,P17
3122,P17
3123,P17
3124,P17
3125,P156
3126,P156
3127,P156
3128,P131
3129,P641
3130,P156
3131,P156
3132,P156
3133,P156
3134,P155
3135,P156
3136,P156
3137,P156
3138,P156
3139,P156
3140,P641
3141,P17
3142,P131
3143,P17
3144,P156
3145,P17
3146,P156
3147,P27
3148,P641
3149,P131
3150,P118
3151,P156
3152,P17
3153,P156
3154,P156
3155,P17
3156,P155
3157,P156
3158,P156
3159,P131
3160,P156
3161,P641
3162,P17
3163,P156
3164,P156
3165,P156
3166,P17
3167,P156
3168,P156
3169,P156
3170,P17
3171,P131
3172,P641
3173,P17
3174,P156
3175,P156
3176,P156
3177,P156
3178,P17
3179,P156
3180,P17
3181,P156
3182,P17
3183,P156
3184,P131
3185,P131
3186,P17
3187,P641
3188,P131
3189,P156
3190,P17
3191,P118
3192,P118
3193,P641
3194,P17
3195,P156
3196,P131
3197,P17
3198,P17
3199,P641
3200,P131
3201,P131
3202,P131
3203,P155
3204,P156
3205,P17
3206,P156
3207,P156
3208,P156
3209,P17
3210,P156
3211,P156
3212,P156
3213,P156
3214,P17
3215,P641
3216,P156
3217,P156
3218,P156
3219,P17
3220,P156
3221,P641
3222,P156
3223,P17
3224,P131
3225,P156
3226,P155
3227,P156
3228,P17
3229,P641
3230,P156
3231,P156
3232,P641
3233,P131
3234,P641
3235,P641
3236,P641
3237,P641
3238,P641
3239,P413
3240,P118
3241,P413
3242,P155
3243,P155
3244,P17
3245,P17
3246,P17
3247,P17
3248,P156
3249,P131
3250,P641
3251,P641
3252,P131
3253,P131
3254,P131
3255,P118
3256,P17
3257,P641
3258,P641
3259,P641
3260,P641
3261,P641
3262,P641
3263,P5353
3264,P118
3265,P131
3266,P131
3267,P131
3268,P641
3269,P641
3270,P641
3271,P641
3272,P641
3273,P641
3274,P1344
3275,P641
3276,P17
3277,P17
3278,P17
3279,P118
3280,P27
3281,P17
3282,P17
3283,P641
3284,P17
3285,P131
3286,P118
3287,P118
3288,P118
3289,P641
3290,P131
3291,P17
3292,P17
3293,P131
3294,P131
3295,P5353
3296,P17
3297,P641
3298,P641
3299,P641
3300,P1344
3301,P118
3302,P641
3303,P641
3304,P131
3305,P118
3306,P641
3307,P156
3308,P17
3309,P131
3310,P641
3311,P17
3312,P641
3313,P131
3314,P131
3315,P5353
3316,P641
3317,P131
3318,P131
3319,P17
3320,P118
3321,P641
3322,P413
3323,P17
3324,P17
3325,P5353
3326,P641
3327,P131
3328,P118
3329,P17
3330,P118
3331,P131
3332,P131
3333,P118
3334,P641
3335,P131
3336,P641
3337,P641
3338,P641
3339,P641
3340,P641
3341,P131
3342,P413
3343,P118
3344,P118
3345,P155
3346,P641
3347,P118
3348,P641
3349,P641
3350,P641
3351,P641
3352,P413
3353,P118
3354,P17
3355,P17
3356,P17
3357,P118
3358,P17
3359,P641
3360,P641
3361,P641
3362,P27
3363,P641
3364,P1344
3365,P641
3366,P641
3367,P17
3368,P641
3369,P1344
3370,P131
3371,P641
3372,P131
3373,P17
3374,P641
3375,P131
3376,P641
3377,P118
3378,P131
3379,P641
3380,P17
3381,P641
3382,P118
3383,P131
3384,P641
3385,P641
3386,P131
3387,P641
3388,P641
3389,P27
3390,P1344
3391,P17
3392,P641
3393,P155
3394,P131
3395,P17
3396,P155
3397,P118
3398,P413
3399,P17
3400,P641
3401,P155
3402,P641
3403,P641
3404,P413
3405,P131
3406,P641
3407,P131
3408,P17
3409,P641
3410,P156
3411,P118
3412,P118
3413,P641
3414,P131
3415,P17
3416,P641
3417,P641
3418,P5353
3419,P131
3420,P17
3421,P27
3422,P131
3423,P131
3424,P131
3425,P17
3426,P131
3427,P131
3428,P131
3429,P641
3430,P1344
3431,P641
3432,P641
3433,P641
3434,P17
3435,P155
3436,P641
3437,P641
3438,P641
3439,P17
3440,P17
3441,P641
3442,P641
3443,P156
3444,P118
3445,P641
3446,P17
3447,P131
3448,P17
3449,P641
3450,P5353
3451,P131
3452,P641
3453,P641
3454,P131
3455,P118
3456,P118
3457,P118
3458,P131
3459,P131
3460,P641
3461,P641
3462,P413
3463,P641
3464,P641
3465,P641
3466,P641
3467,P641
3468,P641
3469,P641
3470,P131
3471,P131
3472,P641
3473,P5353
3474,P641
3475,P118
3476,P118
3477,P17
3478,P118
3479,P641
3480,P131
3481,P118
3482,P641
3483,P1344
3484,P118
3485,P641
3486,P131
3487,P131
3488,P641
3489,P641
3490,P131
3491,P27
3492,P413
3493,P17
3494,P641
3495,P17
3496,P17
3497,P641
3498,P131
3499,P641
3500,P27
3501,P641
3502,P131
3503,P131
3504,P641
3505,P413
3506,P641
3507,P118
3508,P5353
3509,P641
3510,P118
3511,P118
3512,P641
3513,P641
3514,P131
3515,P641
3516,P641
3517,P641
3518,P641
3519,P155
3520,P155
3521,P155
3522,P155
3523,P155
3524,P131
3525,P155
3526,P17
3527,P156
3528,P641
3529,P17
3530,P17
3531,P5353
3532,P131
3533,P156
3534,P131
3535,P131
3536,P641
3537,P641
3538,P641
3539,P641
3540,P641
3541,P641
3542,P131
3543,P641
3544,P1344
3545,P27
3546,P17
3547,P641
3548,P413
3549,P413
3550,P413
3551,P118
3552,P131
3553,P641
3554,P131
3555,P118
3556,P641
3557,P641
3558,P641
3559,P1344
3560,P27
3561,P17
3562,P641
3563,P27
3564,P641
3565,P641
3566,P155
3567,P155
3568,P131
3569,P641
3570,P131
3571,P17
3572,P156
3573,P156
3574,P641
3575,P641
3576,P641
3577,P641
3578,P131
3579,P131
3580,P17
3581,P118
3582,P131
3583,P413
3584,P641
3585,P641
3586,P156
3587,P17
3588,P641
3589,P17
3590,P17
3591,P17
3592,P641
3593,P131
3594,P131
3595,P641
3596,P156
3597,P641
3598,P118
3599,P17
3600,P17
3601,P17
3602,P156
3603,P17
3604,P641
3605,P156
3606,P156
3607,P17
3608,P17
3609,P156
3610,P641
3611,P17
3612,P156
3613,P156
3614,P17
3615,P17
3616,P17
3617,P156
3618,P17
3619,P641
3620,P17
3621,P17
3622,P641
3623,P641
3624,P17
3625,P156
3626,P17
3627,P17
3628,P156
3629,P17
3630,P156
3631,P17
3632,P156
3633,P156
3634,P156
3635,P641
3636,P156
3637,P156
3638,P17
3639,P17
3640,P156
3641,P156
3642,P17
3643,P156
3644,P17
3645,P156
3646,P156
3647,P156
3648,P641
3649,P17
3650,P156
3651,P156
3652,P641
3653,P17
3654,P17
3655,P17
3656,P641
3657,P156
3658,P17
3659,P17
3660,P17
3661,P17
3662,P156
3663,P17
3664,P17
3665,P17
3666,P17
3667,P156
3668,P17
3669,P641
3670,P641
3671,P1344
3672,P155
3673,P17
3674,P17
3675,P155
3676,P17
3677,P17
3678,P156
3679,P17
3680,P17
3681,P17
3682,P17
3683,P17
3684,P156
3685,P641
3686,P17
3687,P17
3688,P17
3689,P17
3690,P156
3691,P17
3692,P17
3693,P156
3694,P17
3695,P641
3696,P641
3697,P156
3698,P156
3699,P17
3700,P17
3701,P17
3702,P156
3703,P17
3704,P641
3705,P17
3706,P156
3707,P17
3708,P17
3709,P156
3710,P17
3711,P156
3712,P17
3713,P155
3714,P156
3715,P17
3716,P641
3717,P156
3718,P17
3719,P131
3720,P17
3721,P156
3722,P17
3723,P17
3724,P156
3725,P17
3726,P641
3727,P17
3728,P17
3729,P17
3730,P156
3731,P155
3732,P17
3733,P17
3734,P17
3735,P156
3736,P17
3737,P641
3738,P641
3739,P17
3740,P156
3741,P17
3742,P17
3743,P641
3744,P641
3745,P156
3746,P156
3747,P17
3748,P17
3749,P17
3750,P156
3751,P156
3752,P156
3753,P156
3754,P156
3755,P156
3756,P156
3757,P156
3758,P156
3759,P641
3760,P17
3761,P156
3762,P17
3763,P156
3764,P17
3765,P156
3766,P17
3767,P17
3768,P118
3769,P641
3770,P27
3771,P641
3772,P413
3773,P641
3774,P155
3775,P131
3776,P641
3777,P413
3778,P641
3779,P27
3780,P17
3781,P17
3782,P641
3783,P413
3784,P413
3785,P413
3786,P118
3787,P131
3788,P17
3789,P118
3790,P118
3791,P17
3792,P641
3793,P413
3794,P131
3795,P1344
3796,P1344
3797,P131
3798,P17
3799,P131
3800,P641
3801,P1344
3802,P641
3803,P131
3804,P17
3805,P641
3806,P131
3807,P641
3808,P118
3809,P118
3810,P118
3811,P17
3812,P641
3813,P641
3814,P641
3815,P131
3816,P131
3817,P641
3818,P131
3819,P641
3820,P413
3821,P131
3822,P641
3823,P1344
3824,P17
3825,P641
3826,P1344
3827,P131
3828,P1344
3829,P641
3830,P131
3831,P17
3832,P413
3833,P17
3834,P641
3835,P131
3836,P641
3837,P1344
3838,P118
3839,P641
3840,P413
3841,P131
3842,P131
3843,P118
3844,P1344
3845,P641
3846,P413
3847,P413
3848,P641
3849,P1344
3850,P641
3851,P17
3852,P5353
3853,P5353
3854,P131
3855,P118
3856,P641
3857,P641
3858,P155
3859,P155
3860,P155
3861,P17
3862,P131
3863,P641
3864,P17
3865,P17
3866,P131
3867,P17
3868,P17
3869,P17
3870,P641
3871,P641
3872,P641
3873,P5353
3874,P641
3875,P17
3876,P641
3877,P17
3878,P131
3879,P131
3880,P155
3881,P17
3882,P118
3883,P641
3884,P641
3885,P641
3886,P641
3887,P641
3888,P131
3889,P17
3890,P641
3891,P1344
3892,P27
3893,P131
3894,P641
3895,P1344
3896,P641
3897,P118
3898,P155
3899,P118
3900,P118
3901,P131
3902,P17
3903,P641
3904,P131
3905,P118
3906,P413
3907,P413
3908,P118
3909,P131
3910,P641
3911,P118
3912,P118
3913,P17
3914,P17
3915,P17
3916,P17
3917,P17
3918,P641
3919,P27
3920,P641
3921,P641
3922,P641
3923,P641
3924,P641
3925,P17
3926,P1344
3927,P641
3928,P118
3929,P118
3930,P413
3931,P118
3932,P641
3933,P131
3934,P118
3935,P118
3936,P118
3937,P118
3938,P641
3939,P641
3940,P641
3941,P641
3942,P641
3943,P641
3944,P17
3945,P156
3946,P17
3947,P131
3948,P641
3949,P27
3950,P1344
3951,P413
3952,P131
3953,P156
3954,P118
3955,P641
3956,P17
3957,P641
3958,P641
3959,P641
3960,P118
3961,P118
3962,P156
3963,P1344
3964,P5353
3965,P641
3966,P641
3967,P641
3968,P131
3969,P641
3970,P131
3971,P118
3972,P118
3973,P118
3974,P118
3975,P131
3976,P118
3977,P118
3978,P641
3979,P641
3980,P155
3981,P641
3982,P17
3983,P641
3984,P641
3985,P641
3986,P131
3987,P118
3988,P413
3989,P155
3990,P641
3991,P641
3992,P641
3993,P641
3994,P118
3995,P131
3996,P17
3997,P17
3998,P641
3999,P131
4000,P17
4001,P131
4002,P641
4003,P131
4004,P118
4005,P131
4006,P131
4007,P131
4008,P641
4009,P641
4010,P413
4011,P413
4012,P641
4013,P17
4014,P1344
4015,P1344
4016,P27
4017,P641
4018,P131
4019,P641
4020,P17
4021,P641
4022,P131
4023,P118
4024,P17
4025,P17
4026,P641
4027,P17
4028,P641
4029,P17
4030,P131
4031,P641
4032,P131
4033,P413
4034,P17
4035,P641
4036,P641
4037,P156
4038,P641
4039,P118
4040,P641
4041,P131
4042,P641
4043,P131
4044,P641
4045,P641
4046,P131
4047,P641
4048,P641
4049,P118
4050,P17
4051,P17
4052,P131
4053,P641
4054,P131
4055,P156
4056,P131
4057,P5353
4058,P641
4059,P1344
4060,P156
4061,P131
4062,P27
4063,P156
4064,P17
4065,P641
4066,P131
4067,P156
4068,P156
4069,P156
4070,P156
4071,P156
4072,P641
4073,P1344
4074,P641
4075,P1344
4076,P641
4077,P641
4078,P5353
4079,P131
4080,P17
4081,P641
4082,P641
4083,P156
4084,P131
4085,P641
4086,P1344
4087,P17
4088,P118
4089,P131
4090,P641
4091,P413
4092,P413
4093,P131
4094,P641
4095,P131
4096,P131
4097,P641
4098,P641
4099,P131
4100,P131
4101,P641
4102,P1344
4103,P413
4104,P641
4105,P131
4106,P131
4107,P641
4108,P131
4109,P17
4110,P641
4111,P118
4112,P641
4113,P641
4114,P641
4115,P413
4116,P17
4117,P641
4118,P641
4119,P641
4120,P641
4121,P131
4122,P17
4123,P1344
4124,P641
4125,P413
4126,P641
4127,P155
4128,P131
4129,P131
4130,P118
4131,P17
4132,P131
4133,P641
4134,P155
4135,P641
4136,P27
4137,P641
4138,P413
4139,P641
4140,P641
4141,P641
4142,P131
4143,P155
4144,P27
4145,P641
4146,P641
4147,P131
4148,P641
4149,P17
4150,P131
4151,P131
4152,P131
4153,P131
4154,P641
4155,P131
4156,P131
4157,P17
4158,P131
4159,P131
4160,P131
4161,P641
4162,P1344
4163,P641
4164,P641
4165,P17
4166,P131
4167,P641
4168,P641
4169,P17
4170,P641
4171,P131
4172,P118
4173,P641
4174,P641
4175,P641
4176,P17
4177,P17
4178,P17
4179,P641
4180,P131
4181,P17
4182,P641
4183,P17
4184,P641
4185,P641
4186,P131
4187,P17
4188,P118
4189,P118
4190,P17
4191,P641
4192,P641
4193,P17
4194,P131
4195,P17
4196,P27
4197,P156
4198,P27
4199,P131
4200,P131
4201,P131
4202,P131
4203,P156
4204,P131
4205,P156
4206,P641
4207,P118
4208,P641
4209,P641
4210,P1344
4211,P1344
4212,P1344
4213,P641
4214,P1344
4215,P641
4216,P641
4217,P131
4218,P641
4219,P27
4220,P17
4221,P641
4222,P641
4223,P641
4224,P5353
4225,P131
4226,P118
4227,P27
4228,P27
4229,P641
4230,P1344
4231,P27
4232,P641
4233,P131
4234,P641
4235,P641
4236,P118
4237,P641
4238,P641
4239,P131
4240,P641
4241,P641
4242,P641
4243,P1344
4244,P17
4245,P17
4246,P156
4247,P131
4248,P131
4249,P17
4250,P156
4251,P17
4252,P156
4253,P17
4254,P156
4255,P156
4256,P156
4257,P131
4258,P17
4259,P156
4260,P156
4261,P156
4262,P156
4263,P17
4264,P156
4265,P156
4266,P156
4267,P641
4268,P156
4269,P156
4270,P156
4271,P156
4272,P156
4273,P156
4274,P156
4275,P156
4276,P156
4277,P156
4278,P156
4279,P156
4280,P156
4281,P156
4282,P156
4283,P641
4284,P156
4285,P156
4286,P156
4287,P17
4288,P17
4289,P156
4290,P156
4291,P156
4292,P156
4293,P17
4294,P17
4295,P156
4296,P156
4297,P156
4298,P641
4299,P155
4300,P156
4301,P156
4302,P131
4303,P156
4304,P17
4305,P156
4306,P17
4307,P17
4308,P17
4309,P17
4310,P156
4311,P156
4312,P156
4313,P155
4314,P17
4315,P155
4316,P155
4317,P641
4318,P156
4319,P156
4320,P17
4321,P155
4322,P155
4323,P156
4324,P156
4325,P17
4326,P17
4327,P156
4328,P17
4329,P17
4330,P156
4331,P131
4332,P156
4333,P156
4334,P641
4335,P156
4336,P156
4337,P156
4338,P156
4339,P156
4340,P156
4341,P155
4342,P17
4343,P156
4344,P156
4345,P156
4346,P156
4347,P156
4348,P156
4349,P156
4350,P156
4351,P17
4352,P156
4353,P156
4354,P641
4355,P156
4356,P156
4357,P156
4358,P156
4359,P156
4360,P156
4361,P156
4362,P156
4363,P17
4364,P156
4365,P155
4366,P17
4367,P641
4368,P17
4369,P155
4370,P156
4371,P17
4372,P156
4373,P17
4374,P17
4375,P17
4376,P156
4377,P17
4378,P156
4379,P156
4380,P156
4381,P156
4382,P156
4383,P641
4384,P17
4385,P156
4386,P17
4387,P156
4388,P156
4389,P156
4390,P17
4391,P17
4392,P17
4393,P156
4394,P17
4395,P155
4396,P156
4397,P641
4398,P131
4399,P155
4400,P155
4401,P17
4402,P17
4403,P155
4404,P156
4405,P17
4406,P156
4407,P17
4408,P17
4409,P641
4410,P118
4411,P155
4412,P156
4413,P17
4414,P17
4415,P641
4416,P156
4417,P131
4418,P155
4419,P155
4420,P156
4421,P17
4422,P156
4423,P641
4424,P17
4425,P17
4426,P17
4427,P17
4428,P155
4429,P17
4430,P156
4431,P131
4432,P156
4433,P17
4434,P641
4435,P156
4436,P156
4437,P17
4438,P156
4439,P131
4440,P641
4441,P156
4442,P156
4443,P156
4444,P156
4445,P17
4446,P156
4447,P156
4448,P17
4449,P131
4450,P641
4451,P156
4452,P156
4453,P156
4454,P17
4455,P156
4456,P131
4457,P156
4458,P641
4459,P131
4460,P17
4461,P17
4462,P156
4463,P156
4464,P156
4465,P17
4466,P131
4467,P131
4468,P156
4469,P17
4470,P156
4471,P17
4472,P156
4473,P17
4474,P17
4475,P156
4476,P156
4477,P17
4478,P156
4479,P156
4480,P156
4481,P17
4482,P156
4483,P156
4484,P641
4485,P131
4486,P156
4487,P17
4488,P156
4489,P17
4490,P17
4491,P156
4492,P156
4493,P156
4494,P17
4495,P156
4496,P641
4497,P17
4498,P17
4499,P156
4500,P156
4501,P156
4502,P156
4503,P156
4504,P156
4505,P17
4506,P156
4507,P156
4508,P156
4509,P156
4510,P131
4511,P131
4512,P156
4513,P17
4514,P156
4515,P155
4516,P641
4517,P156
4518,P17
4519,P17
4520,P17
4521,P641
4522,P17
4523,P156
4524,P156
4525,P17
4526,P155
4527,P17
4528,P17
4529,P641
4530,P17
4531,P156
4532,P156
4533,P17
4534,P156
4535,P17
4536,P27
4537,P156
4538,P156
4539,P17
4540,P641
4541,P156
4542,P156
4543,P156
4544,P17
4545,P17
4546,P17
4547,P17
4548,P641
4549,P155
4550,P641
4551,P17
4552,P156
4553,P156
4554,P17
4555,P131
4556,P131
4557,P17
4558,P17
4559,P641
4560,P131
4561,P131
4562,P155
4563,P17
4564,P17
4565,P156
4566,P17
4567,P156
4568,P156
4569,P17
4570,P17
4571,P641
4572,P155
4573,P156
4574,P17
4575,P156
4576,P641
4577,P155
4578,P156
4579,P17
4580,P155
4581,P641
4582,P131
4583,P155
4584,P156
4585,P17
4586,P17
4587,P641
4588,P131
4589,P155
4590,P156
4591,P156
4592,P156
4593,P156
4594,P156
4595,P156
4596,P131
4597,P131
4598,P641
4599,P155
4600,P17
4601,P17
4602,P17
4603,P17
4604,P156
4605,P641
4606,P155
4607,P156
4608,P156
4609,P156
4610,P641
4611,P155
4612,P131
4613,P17
4614,P156
4615,P156
4616,P156
4617,P17
4618,P156
4619,P156
4620,P641
4621,P155
4622,P156
4623,P156
4624,P17
4625,P156
4626,P17
4627,P17
4628,P641
4629,P131
4630,P641
4631,P413
4632,P118
4633,P118
4634,P131
4635,P131
4636,P131
4637,P27
4638,P118
4639,P131
4640,P118
4641,P641
4642,P17
4643,P641
4644,P413
4645,P131
4646,P131
4647,P641
4648,P641
4649,P17
4650,P641
4651,P641
4652,P641
4653,P641
4654,P1344
4655,P131
4656,P641
4657,P641
4658,P641
4659,P641
4660,P641
4661,P413
4662,P641
4663,P131
4664,P131
4665,P118
4666,P131
4667,P131
4668,P131
4669,P641
4670,P641
4671,P413
4672,P641
4673,P1344
4674,P27
4675,P641
4676,P641
4677,P641
4678,P641
4679,P17
4680,P118
4681,P118
4682,P641
4683,P118
4684,P641
4685,P131
4686,P641
4687,P27
4688,P1344
4689,P1344
4690,P131
4691,P118
4692,P641
4693,P17
4694,P17
4695,P641
4696,P641
4697,P118
4698,P131
4699,P641
4700,P641
4701,P641
4702,P131
4703,P641
4704,P641
4705,P131
4706,P641
4707,P118
4708,P118
4709,P27
4710,P27
4711,P641
4712,P641
4713,P118
4714,P118
4715,P131
4716,P641
4717,P131
4718,P118
4719,P641
4720,P118
4721,P641
4722,P641
4723,P641
4724,P641
4725,P131
4726,P641
4727,P641
4728,P118
4729,P641
4730,P641
4731,P131
4732,P641
4733,P641
4734,P17
4735,P155
4736,P131
4737,P641
4738,P118
4739,P118
4740,P131
4741,P641
4742,P17
4743,P641
4744,P641
4745,P641
4746,P131
4747,P641
4748,P118
4749,P641
4750,P413
4751,P27
4752,P118
4753,P641
4754,P641
4755,P118
4756,P27
4757,P641
4758,P641
4759,P17
4760,P641
4761,P641
4762,P131
4763,P131
4764,P17
4765,P131
4766,P17
4767,P641
4768,P413
4769,P118
4770,P17
4771,P131
4772,P118
4773,P641
4774,P131
4775,P641
4776,P131
4777,P118
4778,P641
4779,P641
4780,P641
4781,P131
4782,P27
4783,P413
4784,P17
4785,P17
4786,P1344
4787,P641
4788,P17
4789,P17
4790,P27
4791,P17
4792,P1344
4793,P1344
4794,P131
4795,P17
4796,P641
4797,P641
4798,P641
4799,P641
4800,P1344
4801,P641
4802,P641
4803,P641
4804,P641
4805,P641
4806,P17
4807,P641
4808,P641
4809,P156
4810,P641
4811,P17
4812,P641
4813,P413
4814,P413
4815,P17
4816,P413
4817,P641
4818,P641
4819,P131
4820,P641
4821,P118
4822,P118
4823,P118
4824,P17
4825,P641
4826,P17
4827,P118
4828,P131
4829,P131
4830,P131
4831,P641
4832,P131
4833,P131
4834,P641
4835,P5353
4836,P17
4837,P413
4838,P17
4839,P17
4840,P641
4841,P131
4842,P641
4843,P641
4844,P17
4845,P641
4846,P641
4847,P131
4848,P641
4849,P641
4850,P131
4851,P641
4852,P131
4853,P641
4854,P413
4855,P118
4856,P118
4857,P118
4858,P118
4859,P641
4860,P641
4861,P17
4862,P17
4863,P641
4864,P131
4865,P17
4866,P641
4867,P641
4868,P641
4869,P156
4870,P641
4871,P131
4872,P131
4873,P118
4874,P17
4875,P131
4876,P413
4877,P118
4878,P118
4879,P641
4880,P641
4881,P413
4882,P118
4883,P131
4884,P641
4885,P131
4886,P131
4887,P641
4888,P17
4889,P131
4890,P1344
4891,P131
4892,P641
4893,P641
4894,P641
4895,P641
4896,P17
4897,P27
4898,P641
4899,P413
4900,P118
4901,P131
4902,P413
4903,P17
4904,P17
4905,P641
4906,P641
4907,P641
4908,P641
4909,P118
4910,P131
4911,P5353
4912,P155
4913,P118
4914,P118
4915,P118
4916,P118
4917,P118
4918,P17
4919,P17
4920,P17
4921,P641
4922,P641
4923,P641
4924,P641
4925,P17
4926,P17
4927,P17
4928,P131
4929,P118
4930,P131
4931,P131
4932,P1344
4933,P641
4934,P641
4935,P131
4936,P413
4937,P641
4938,P118
4939,P156
4940,P641
4941,P641
4942,P17
4943,P156
4944,P156
4945,P156
4946,P156
4947,P156
4948,P156
4949,P156
4950,P156
4951,P156
4952,P641
4953,P131
4954,P131
4955,P155
4956,P17
4957,P156
4958,P17
4959,P641
4960,P17
4961,P156
4962,P156
4963,P641
4964,P156
4965,P156
4966,P17
4967,P17
4968,P17
4969,P641
4970,P156
4971,P17
4972,P17
4973,P17
4974,P17
4975,P17
4976,P641
4977,P131
4978,P17
4979,P641
4980,P17
4981,P156
4982,P17
4983,P17
4984,P131
4985,P17
4986,P17
4987,P17
4988,P156
4989,P155
4990,P641
4991,P156
4992,P131
4993,P641
4994,P17
4995,P17
4996,P17
4997,P641
4998,P118
4999,P131
5000,P641
5001,P156
5002,P17
5003,P156
5004,P156
5005,P156
5006,P17
5007,P17
5008,P17
5009,P156
5010,P156
5011,P17
5012,P17
5013,P156
5014,P156
5015,P156
5016,P156
5017,P17
5018,P156
5019,P641
5020,P156
5021,P156
5022,P17
5023,P17
5024,P17
5025,P156
5026,P156
5027,P156
5028,P17
5029,P17
5030,P156
5031,P641
5032,P156
5033,P17
5034,P17
5035,P156
5036,P156
5037,P17
5038,P17
5039,P156
5040,P17
5041,P641
5042,P156
5043,P641
5044,P156
5045,P156
5046,P17
5047,P156
5048,P156
5049,P17
5050,P17
5051,P17
5052,P17
5053,P17
5054,P131
5055,P131
5056,P131
5057,P641
5058,P641
5059,P156
5060,P17
5061,P17
5062,P156
5063,P17
5064,P156
5065,P17
5066,P156
5067,P17
5068,P17
5069,P17
5070,P156
5071,P17
5072,P17
5073,P641
5074,P17
5075,P156
5076,P17
5077,P156
5078,P17
5079,P156
5080,P156
5081,P156
5082,P641
5083,P641
5084,P156
5085,P156
5086,P156
5087,P641
5088,P17
5089,P17
5090,P17
5091,P156
5092,P641
5093,P156
5094,P641
5095,P156
5096,P131
5097,P131
5098,P641
5099,P156
5100,P17
5101,P17
5102,P156
5103,P641
5104,P641
5105,P17
5106,P156
5107,P156
5108,P17
5109,P641
5110,P155
5111,P17
5112,P17
5113,P17
5114,P17
5115,P17
5116,P641
5117,P641
5118,P17
5119,P156
5120,P17
5121,P641
5122,P17
5123,P156
5124,P17
5125,P156
5126,P156
5127,P17
5128,P156
5129,P641
5130,P156
5131,P156
5132,P641
5133,P156
5134,P17
5135,P156
5136,P17
5137,P17
5138,P131
5139,P131
5140,P131
5141,P17
5142,P641
5143,P17
5144,P17
5145,P156
5146,P17
5147,P17
5148,P17
5149,P17
5150,P641
5151,P17
5152,P17
5153,P156
5154,P641
5155,P156
5156,P156
5157,P17
5158,P17
5159,P155
5160,P641
5161,P156
5162,P17
5163,P17
5164,P156
5165,P156
5166,P17
5167,P156
5168,P156
5169,P156
5170,P17
5171,P156
5172,P156
5173,P156
5174,P17
5175,P156
5176,P156
5177,P156
5178,P156
5179,P641
5180,P118
5181,P641
5182,P118
5183,P131
5184,P131
5185,P641
5186,P17
5187,P641
5188,P641
5189,P641
5190,P641
5191,P131
5192,P641
5193,P1344
5194,P27
5195,P641
5196,P131
5197,P131
5198,P641
5199,P131
5200,P155
5201,P156
5202,P156
5203,P156
5204,P156
5205,P641
5206,P17
5207,P641
5208,P641
5209,P17
5210,P155
5211,P641
5212,P641
5213,P641
5214,P413
5215,P641
5216,P17
5217,P17
5218,P641
5219,P641
5220,P641
5221,P641
5222,P131
5223,P155
5224,P131
5225,P131
5226,P641
5227,P27
5228,P641
5229,P413
5230,P641
5231,P131
5232,P118
5233,P413
5234,P17
5235,P17
5236,P131
5237,P17
5238,P131
5239,P641
5240,P413
5241,P641
5242,P641
5243,P641
5244,P155
5245,P155
5246,P156
5247,P155
5248,P156
5249,P131
5250,P641
5251,P641
5252,P17
5253,P641
5254,P5353
5255,P131
5256,P641
5257,P131
5258,P17
5259,P27
5260,P118
5261,P17
5262,P641
5263,P641
5264,P17
5265,P641
5266,P641
5267,P17
5268,P17
5269,P17
5270,P641
5271,P17
5272,P641
5273,P641
5274,P641
5275,P17
5276,P17
5277,P641
5278,P641
5279,P1344
5280,P17
5281,P641
5282,P641
5283,P17
5284,P641
5285,P641
5286,P641
5287,P641
5288,P131
5289,P131
5290,P641
5291,P131
5292,P131
5293,P641
5294,P155
5295,P156
5296,P156
5297,P17
5298,P131
5299,P641
5300,P156
5301,P155
5302,P155
5303,P155
5304,P17
5305,P17
5306,P155
5307,P156
5308,P156
5309,P131
5310,P641
5311,P156
5312,P17
5313,P156
5314,P156
5315,P156
5316,P17
5317,P17
5318,P156
5319,P156
5320,P156
5321,P17
5322,P155
5323,P641
5324,P156
5325,P155
5326,P156
5327,P156
5328,P156
5329,P156
5330,P156
5331,P17
5332,P156
5333,P641
5334,P156
5335,P156
5336,P156
5337,P156
5338,P641
5339,P156
5340,P156
5341,P17
5342,P155
5343,P155
5344,P155
5345,P156
5346,P155
5347,P155
5348,P156
5349,P156
5350,P17
5351,P156
5352,P156
5353,P641
5354,P641
5355,P156
5356,P156
5357,P17
5358,P156
5359,P156
5360,P156
5361,P641
5362,P156
5363,P156
5364,P17
5365,P155
5366,P156
5367,P156
5368,P17
5369,P156
5370,P641
5371,P156
5372,P156
5373,P155
5374,P156
5375,P156
5376,P17
5377,P155
5378,P17
5379,P156
5380,P156
5381,P156
5382,P17
5383,P156
5384,P156
5385,P156
5386,P641
5387,P156
5388,P156
5389,P155
5390,P156
5391,P156
5392,P17
5393,P156
5394,P156
5395,P17
5396,P156
5397,P155
5398,P641
5399,P155
5400,P156
5401,P156
5402,P17
5403,P641
5404,P156
5405,P156
5406,P156
5407,P641
5408,P17
5409,P156
5410,P156
5411,P156
5412,P155
5413,P155
5414,P641
5415,P17
5416,P155
5417,P156
5418,P17
5419,P156
5420,P156
5421,P131
5422,P641
5423,P155
5424,P155
5425,P155
5426,P156
5427,P17
5428,P155
5429,P155
5430,P155
5431,P156
5432,P17
5433,P156
5434,P155
5435,P156
5436,P17
5437,P155
5438,P131
5439,P156
5440,P156
5441,P155
5442,P156
5443,P156
5444,P156
5445,P156
5446,P17
5447,P641
5448,P156
5449,P156
5450,P156
5451,P156
5452,P156
5453,P641
5454,P17
5455,P156
5456,P156
5457,P156
5458,P156
5459,P156
5460,P156
5461,P156
5462,P17
5463,P156
5464,P156
5465,P156
5466,P156
5467,P641
5468,P17
5469,P156
5470,P156
5471,P156
5472,P156
5473,P155
5474,P17
5475,P156
5476,P156
5477,P155
5478,P155
5479,P155
5480,P156
5481,P17
5482,P156
5483,P131
5484,P641
5485,P17
5486,P156
5487,P156
5488,P156
5489,P155
5490,P155
5491,P155
5492,P17
5493,P17
5494,P156
5495,P156
5496,P131
5497,P641
5498,P156
5499,P17
5500,P641
5501,P17
5502,P131
5503,P156
5504,P156
5505,P156
5506,P156
5507,P156
5508,P156
5509,P156
5510,P156
5511,P156
5512,P156
5513,P641
5514,P17
5515,P17
5516,P155
5517,P156
5518,P155
5519,P641
5520,P17
5521,P156
5522,P156
5523,P27
5524,P156
5525,P156
5526,P156
5527,P17
5528,P155
5529,P156
5530,P156
5531,P156
5532,P156
5533,P156
5534,P156
5535,P156
5536,P155
5537,P131
5538,P641
5539,P17
5540,P156
5541,P156
5542,P5353
5543,P641
5544,P641
5545,P641
5546,P641
5547,P156
5548,P118
5549,P118
5550,P155
5551,P641
5552,P131
5553,P131
5554,P131
5555,P131
5556,P131
5557,P641
5558,P156
5559,P131
5560,P131
5561,P131
5562,P17
5563,P155
5564,P641
5565,P118
5566,P641
5567,P641
5568,P17
5569,P27
5570,P641
5571,P1344
5572,P1344
5573,P1344
5574,P17
5575,P641
5576,P131
5577,P131
5578,P131
5579,P641
5580,P131
5581,P131
5582,P131
5583,P641
5584,P413
5585,P641
5586,P413
5587,P641
5588,P641
5589,P131
5590,P131
5591,P118
5592,P641
5593,P641
5594,P641
5595,P413
5596,P131
5597,P641
5598,P131
5599,P641
5600,P131
5601,P17
5602,P27
5603,P641
5604,P641
5605,P17
5606,P131
5607,P17
5608,P17
5609,P118
5610,P17
5611,P1344
5612,P1344
5613,P641
5614,P1344
5615,P1344
5616,P413
5617,P641
5618,P17
5619,P118
5620,P5353
5621,P131
5622,P641
5623,P413
5624,P413
5625,P118
5626,P131
5627,P641
5628,P413
5629,P413
5630,P641
5631,P1344
5632,P118
5633,P413
5634,P131
5635,P131
5636,P5353
5637,P131
5638,P156
5639,P17
5640,P641
5641,P641
5642,P413
5643,P131
5644,P17
5645,P17
5646,P17
5647,P641
5648,P118
5649,P131
5650,P641
5651,P413
5652,P156
5653,P155
5654,P156
5655,P156
5656,P156
5657,P641
5658,P118
5659,P118
5660,P118
5661,P118
5662,P118
5663,P641
5664,P413
5665,P413
5666,P131
5667,P118
5668,P131
5669,P131
5670,P17
5671,P27
5672,P5353
5673,P641
5674,P17
5675,P641
5676,P1344
5677,P27
5678,P641
5679,P641
5680,P641
5681,P641
5682,P641
5683,P17
5684,P641
5685,P641
5686,P641
5687,P641
5688,P641
5689,P641
5690,P1344
5691,P17
5692,P641
5693,P27
5694,P131
5695,P118
5696,P131
5697,P118
5698,P641
5699,P641
5700,P641
5701,P1344
5702,P17
5703,P641
5704,P1344
5705,P1344
5706,P1344
5707,P17
5708,P131
5709,P118
5710,P641
5711,P131
5712,P131
5713,P131
5714,P641
5715,P641
5716,P641
5717,P413
5718,P641
5719,P641
5720,P641
5721,P131
5722,P17
5723,P131
5724,P131
5725,P131
5726,P118
5727,P641
5728,P131
5729,P17
5730,P1344
5731,P641
5732,P27
5733,P641
5734,P641
5735,P641
5736,P118
5737,P17
5738,P131
5739,P413
5740,P118
5741,P17
5742,P17
5743,P17
5744,P17
5745,P131
5746,P17
5747,P17
5748,P131
5749,P17
5750,P17
5751,P131
5752,P27
5753,P1344
5754,P17
5755,P641
5756,P413
5757,P156
5758,P641
5759,P17
5760,P17
5761,P641
5762,P118
5763,P118
5764,P27
5765,P641
5766,P641
5767,P118
5768,P17
5769,P641
5770,P641
5771,P17
5772,P118
5773,P641
5774,P641
5775,P17
5776,P17
5777,P131
5778,P27
5779,P27
5780,P131
5781,P131
5782,P118
5783,P118
5784,P131
5785,P131
5786,P131
5787,P641
5788,P118
5789,P641
5790,P17
5791,P641
5792,P17
5793,P17
5794,P641
5795,P131
5796,P641
5797,P641
5798,P131
5799,P118
5800,P131
5801,P17
5802,P118
5803,P118
5804,P641
5805,P641
5806,P155
5807,P156
5808,P155
5809,P156
5810,P156
5811,P118
5812,P118
5813,P131
5814,P17
5815,P131
5816,P118
5817,P17
5818,P1344
5819,P156
5820,P131
5821,P641
5822,P156
5823,P1344
5824,P131
5825,P1344
5826,P641
5827,P1344
5828,P131
5829,P641
5830,P131
5831,P641
5832,P118
5833,P118
5834,P118
5835,P131
5836,P641
5837,P641
5838,P641
5839,P641
5840,P641
5841,P641
5842,P118
5843,P118
5844,P118
5845,P641
5846,P131
5847,P641
5848,P1344
5849,P17
5850,P118
5851,P118
5852,P641
5853,P118
5854,P118
5855,P5353
5856,P641
5857,P641
5858,P413
5859,P131
5860,P641
5861,P17
5862,P641
5863,P118
5864,P641
5865,P641
5866,P641
5867,P118
5868,P118
5869,P641
5870,P641
5871,P131
5872,P131
5873,P131
5874,P641
5875,P27
5876,P17
5877,P156
5878,P131
5879,P118
5880,P641
5881,P413
5882,P413
5883,P413
5884,P641
5885,P413
5886,P413
5887,P641
5888,P641
5889,P641
5890,P118
5891,P131
5892,P17
5893,P641
5894,P641
5895,P641
5896,P641
5897,P641
5898,P641
5899,P131
5900,P118
5901,P641
5902,P641
5903,P641
5904,P1344
5905,P131
5906,P17
5907,P131
5908,P155
5909,P155
5910,P156
5911,P155
5912,P17
5913,P641
5914,P17
5915,P641
5916,P118
5917,P17
5918,P17
5919,P641
5920,P131
5921,P641
5922,P641
5923,P641
5924,P641
5925,P641
5926,P17
5927,P131
5928,P131
5929,P131
5930,P641
5931,P641
5932,P131
5933,P17
5934,P641
5935,P641
5936,P131
5937,P641
5938,P27
5939,P641
5940,P413
5941,P641
5942,P641
5943,P641
5944,P641
5945,P131
5946,P131
5947,P118
5948,P131
5949,P131
5950,P17
5951,P413
5952,P118
5953,P17
5954,P641
5955,P156
5956,P118
5957,P118
5958,P118
5959,P641
5960,P641
5961,P413
5962,P118
5963,P641
5964,P641
5965,P27
5966,P155
5967,P156
5968,P155
5969,P155
5970,P155
5971,P641
5972,P641
5973,P131
5974,P641
5975,P641
5976,P118
5977,P641
5978,P131
5979,P131
5980,P131
5981,P118
5982,P131
5983,P131
5984,P118
5985,P641
5986,P118
5987,P131
5988,P131
5989,P641
5990,P17
5991,P17
5992,P641
5993,P641
5994,P17
5995,P641
5996,P1344
5997,P156
5998,P413
5999,P118
6000,P156
6001,P641
6002,P27
6003,P413
6004,P413
6005,P641
6006,P17
6007,P131
6008,P131
6009,P118
6010,P118
6011,P156
6012,P17
6013,P5353
6014,P641
6015,P641
6016,P27
6017,P641
6018,P641
6019,P156
6020,P156
6021,P156
6022,P156
6023,P156
6024,P17
6025,P156
6026,P413
6027,P156
6028,P155
6029,P156
6030,P155
6031,P156
6032,P641
6033,P641
6034,P641
6035,P641
6036,P17
6037,P641
6038,P17
6039,P131
6040,P641
6041,P118
6042,P118
6043,P641
6044,P641
6045,P641
6046,P131
6047,P641
6048,P641
6049,P17
6050,P641
6051,P641
6052,P131
6053,P131
6054,P17
6055,P641
6056,P641
6057,P17
6058,P641
6059,P641
6060,P118
6061,P17
6062,P17
6063,P641
6064,P641
6065,P118
6066,P118
6067,P641
6068,P641
6069,P641
6070,P1344
6071,P1344
6072,P1344
6073,P118
6074,P131
6075,P131
6076,P641
6077,P413
6078,P413
6079,P641
6080,P413
6081,P413
6082,P641
6083,P156
6084,P156
6085,P17
6086,P156
6087,P156
6088,P155
6089,P17
6090,P156
6091,P156
6092,P17
6093,P641
6094,P156
6095,P156
6096,P156
6097,P156
6098,P155
6099,P156
6100,P156
6101,P156
6102,P156
6103,P156
6104,P156
6105,P156
6106,P17
6107,P641
6108,P156
6109,P156
6110,P156
6111,P156
6112,P156
6113,P156
6114,P17
6115,P17
6116,P131
6117,P641
6118,P156
6119,P156
6120,P156
6121,P156
6122,P156
6123,P156
6124,P156
6125,P156
6126,P17
6127,P17
6128,P156
6129,P131
6130,P641
6131,P156
6132,P155
6133,P17
6134,P156
6135,P17
6136,P17
6137,P156
6138,P156
6139,P641
6140,P155
6141,P17
6142,P17
6143,P156
6144,P156
6145,P17
6146,P641
6147,P156
6148,P156
6149,P156
6150,P156
6151,P156
6152,P156
6153,P156
6154,P156
6155,P156
6156,P17
6157,P155
6158,P156
6159,P156
6160,P156
6161,P17
6162,P156
6163,P156
6164,P17
6165,P17
6166,P17
6167,P156
6168,P156
6169,P17
6170,P17
6171,P156
6172,P156
6173,P156
6174,P156
6175,P641
6176,P156
6177,P156
6178,P17
6179,P17
6180,P17
6181,P155
6182,P131
6183,P156
6184,P17
6185,P17
6186,P156
6187,P155
6188,P641
6189,P156
6190,P156
6191,P156
6192,P156
6193,P641
6194,P156
6195,P156
6196,P156
6197,P641
6198,P156
6199,P156
6200,P155
6201,P156
6202,P156
6203,P641
6204,P17
6205,P641
6206,P156
6207,P156
6208,P641
6209,P156
6210,P156
6211,P156
6212,P156
6213,P641
6214,P156
6215,P156
6216,P156
6217,P156
6218,P156
6219,P641
6220,P156
6221,P156
6222,P156
6223,P156
6224,P156
6225,P156
6226,P641
6227,P156
6228,P156
6229,P131
6230,P413
6231,P641
6232,P641
6233,P641
6234,P641
6235,P641
6236,P131
6237,P156
6238,P131
6239,P131
6240,P641
6241,P131
6242,P413
6243,P413
6244,P118
6245,P17
6246,P17
6247,P27
6248,P641
6249,P118
6250,P641
6251,P131
6252,P118
6253,P118
6254,P131
6255,P118
6256,P641
6257,P641
6258,P641
6259,P17
6260,P641
6261,P17
6262,P641
6263,P641
6264,P131
6265,P118
6266,P641
6267,P641
6268,P641
6269,P131
6270,P131
6271,P131
6272,P641
6273,P641
6274,P641
6275,P641
6276,P17
6277,P641
6278,P131
6279,P641
6280,P27
6281,P17
6282,P17
6283,P413
6284,P413
6285,P413
6286,P413
6287,P413
6288,P17
6289,P118
6290,P118
6291,P118
6292,P118
6293,P118
6294,P118
6295,P118
6296,P131
6297,P131
6298,P5353
6299,P641
6300,P131
6301,P118
6302,P118
6303,P131
6304,P641
6305,P131
6306,P641
6307,P413
6308,P413
6309,P118
6310,P118
6311,P118
6312,P131
6313,P413
6314,P641
6315,P641
6316,P641
6317,P641
6318,P17
6319,P641
6320,P641
6321,P641
6322,P17
6323,P641
6324,P131
6325,P131
6326,P131
6327,P131
6328,P131
6329,P413
6330,P641
6331,P641
6332,P641
6333,P641
6334,P641
6335,P641
6336,P131
6337,P641
6338,P118
6339,P17
6340,P131
6341,P118
6342,P17
6343,P17
6344,P131
6345,P131
6346,P17
6347,P17
6348,P641
6349,P641
6350,P641
6351,P17
6352,P641
6353,P118
6354,P641
6355,P1344
6356,P27
6357,P118
6358,P27
6359,P131
6360,P17
6361,P131
6362,P155
6363,P641
6364,P641
6365,P413
6366,P413
6367,P131
6368,P17
6369,P641
6370,P17
6371,P641
6372,P17
6373,P17
6374,P641
6375,P641
6376,P641
6377,P641
6378,P17
6379,P17
6380,P641
6381,P641
6382,P118
6383,P118
6384,P131
6385,P131
6386,P131
6387,P118
6388,P118
6389,P641
6390,P1344
6391,P641
6392,P131
6393,P131
6394,P131
6395,P131
6396,P27
6397,P641
6398,P641
6399,P17
6400,P131
6401,P131
6402,P131
6403,P17
6404,P17
6405,P17
6406,P118
6407,P641
6408,P641
6409,P118
6410,P118
6411,P641
6412,P17
6413,P27
6414,P118
6415,P131
6416,P5353
6417,P641
6418,P131
6419,P131
6420,P17
6421,P413
6422,P413
6423,P413
6424,P641
6425,P155
6426,P131
6427,P641
6428,P641
6429,P131
6430,P641
6431,P641
6432,P641
6433,P641
6434,P17
6435,P131
6436,P131
6437,P131
6438,P17
6439,P131
6440,P131
6441,P27
6442,P131
6443,P131
6444,P118
6445,P641
6446,P17
6447,P641
6448,P413
6449,P641
6450,P641
6451,P131
6452,P131
6453,P131
6454,P641
6455,P17
6456,P131
6457,P641
6458,P413
6459,P641
6460,P131
6461,P131
6462,P641
6463,P641
6464,P17
6465,P641
6466,P641
6467,P1344
6468,P641
6469,P641
6470,P641
6471,P641
6472,P641
6473,P641
6474,P17
6475,P641
6476,P5353
6477,P413
6478,P131
6479,P131
6480,P641
6481,P17
6482,P641
6483,P641
6484,P413
6485,P413
6486,P155
6487,P155
6488,P17
6489,P641
6490,P641
6491,P413
6492,P641
6493,P641
6494,P641
6495,P5353
6496,P118
6497,P118
6498,P118
6499,P118
6500,P118
6501,P641
6502,P641
6503,P17
6504,P131
6505,P641
6506,P641
6507,P118
6508,P641
6509,P27
6510,P641
6511,P413
6512,P17
6513,P17
6514,P641
6515,P641
6516,P118
6517,P17
6518,P17
6519,P156
6520,P156
6521,P155
6522,P155
6523,P156
6524,P641
6525,P17
6526,P17
6527,P17
6528,P118
6529,P118
6530,P118
6531,P118
6532,P131
6533,P131
6534,P641
6535,P641
6536,P641
6537,P641
6538,P641
6539,P641
6540,P118
6541,P641
6542,P1344
6543,P641
6544,P413
6545,P413
6546,P17
6547,P131
6548,P17
6549,P641
6550,P641
6551,P641
6552,P641
6553,P17
6554,P1344
6555,P17
6556,P641
6557,P131
6558,P1344
6559,P17
6560,P131
6561,P131
6562,P131
6563,P27
6564,P413
6565,P17
6566,P1344
6567,P17
6568,P131
6569,P17
6570,P131
6571,P641
6572,P641
6573,P1344
6574,P641
6575,P1344
6576,P1344
6577,P118
6578,P17
6579,P131
6580,P641
6581,P641
6582,P17
6583,P641
6584,P118
6585,P118
6586,P118
6587,P17
6588,P131
6589,P27
6590,P131
6591,P641
6592,P118
6593,P641
6594,P641
6595,P131
6596,P17
6597,P131
6598,P131
6599,P17
6600,P155
6601,P118
6602,P131
6603,P17
6604,P641
6605,P17
6606,P118
6607,P131
6608,P17
6609,P1344
6610,P17
6611,P131
6612,P118
6613,P641
6614,P17
6615,P17
6616,P17
6617,P17
6618,P641
6619,P413
6620,P641
6621,P641
6622,P641
6623,P641
6624,P17
6625,P131
6626,P17
6627,P17
6628,P17
6629,P131
6630,P131
6631,P131
6632,P131
6633,P17
6634,P17
6635,P17
6636,P131
6637,P131
6638,P17
6639,P17
6640,P131
6641,P131
6642,P131
6643,P17
6644,P131
6645,P641
6646,P1344
6647,P131
6648,P641
6649,P1344
6650,P17
6651,P17
6652,P17
6653,P641
6654,P641
6655,P17
6656,P641
6657,P17
6658,P131
6659,P131
6660,P118
6661,P118
6662,P131
6663,P131
6664,P641
6665,P1344
6666,P17
6667,P156
6668,P5353
6669,P118
6670,P131
6671,P641
6672,P641
6673,P641
6674,P131
6675,P641
6676,P641
6677,P641
6678,P17
6679,P641
6680,P413
6681,P17
6682,P156
6683,P155
6684,P156
6685,P155
6686,P155
6687,P5353
6688,P17
6689,P27
6690,P641
6691,P131
6692,P27
6693,P27
6694,P27
6695,P27
6696,P27
6697,P641
6698,P17
6699,P17
6700,P641
6701,P1344
6702,P641
6703,P641
6704,P17
6705,P641
6706,P17
6707,P641
6708,P641
6709,P641
6710,P17
6711,P641
6712,P641
6713,P641
6714,P131
6715,P641
6716,P5353
6717,P641
6718,P17
6719,P118
6720,P118
6721,P17
6722,P17
6723,P118
6724,P413
6725,P641
6726,P118
6727,P131
6728,P17
6729,P17
6730,P156
6731,P156
6732,P155
6733,P156
6734,P641
6735,P118
6736,P131
6737,P17
6738,P156
6739,P1344
6740,P131
6741,P118
6742,P118
6743,P131
6744,P17
6745,P641
6746,P641
6747,P641
6748,P641
6749,P641
6750,P131
6751,P131
6752,P641
6753,P118
6754,P641
6755,P17
6756,P131
6757,P641
6758,P641
6759,P641
6760,P413
6761,P413
6762,P413
6763,P641
6764,P641
6765,P641
6766,P118
6767,P118
6768,P131
6769,P131
6770,P131
6771,P641
6772,P131
6773,P641
6774,P156
6775,P131
6776,P131
6777,P118
6778,P118
6779,P118
6780,P131
6781,P641
6782,P641
6783,P131
6784,P131
6785,P641
6786,P17
6787,P641
6788,P413
6789,P641
6790,P641
6791,P17
6792,P155
6793,P155
6794,P155
6795,P641
6796,P17
6797,P641
6798,P413
6799,P17
6800,P17
6801,P641
6802,P1344
6803,P641
6804,P641
6805,P641
6806,P641
6807,P5353
6808,P118
6809,P17
6810,P641
6811,P641
6812,P641
6813,P118
6814,P131
6815,P641
6816,P641
6817,P641
6818,P641
6819,P1344
6820,P131
6821,P131
6822,P641
6823,P641
6824,P131
6825,P131
6826,P641
6827,P17
6828,P131
6829,P1344
6830,P156
6831,P27
6832,P131
6833,P131
6834,P131
6835,P17
6836,P17
6837,P131
6838,P413
6839,P118
6840,P118
6841,P641
6842,P641
6843,P27
6844,P17
6845,P641
6846,P131
6847,P641
6848,P1344
6849,P641
6850,P131
6851,P118
6852,P118
6853,P118
6854,P118
6855,P118
6856,P1344
6857,P118
6858,P641
6859,P131
6860,P131
6861,P17
6862,P131
6863,P131
6864,P641
6865,P27
6866,P641
6867,P641
6868,P5353
6869,P118
6870,P131
6871,P156
6872,P131
6873,P1344
6874,P641
6875,P131
6876,P641
6877,P5353
6878,P5353
6879,P5353
6880,P5353
6881,P5353
6882,P5353
6883,P5353
6884,P131
6885,P17
6886,P17
6887,P118
6888,P118
6889,P155
6890,P155
6891,P131
6892,P118
6893,P156
6894,P27
6895,P27
6896,P641
6897,P413
6898,P413
6899,P641
6900,P641
6901,P5353
6902,P5353
6903,P5353
6904,P413
6905,P156
6906,P155
6907,P156
6908,P155
6909,P156
6910,P641
6911,P641
6912,P118
6913,P641
6914,P641
6915,P131
6916,P118
6917,P131
6918,P118
6919,P17
6920,P17
6921,P118
6922,P641
6923,P17
6924,P17
6925,P17
6926,P641
6927,P641
6928,P131
6929,P131
6930,P131
6931,P17
6932,P17
6933,P17
6934,P17
6935,P131
6936,P131
6937,P131
6938,P641
6939,P17
6940,P155
6941,P1344
6942,P131
6943,P131
6944,P131
6945,P17
6946,P641
6947,P641
6948,P641
6949,P17
6950,P131
6951,P131
6952,P118
6953,P156
6954,P17
6955,P17
6956,P641
6957,P118
6958,P118
6959,P641
6960,P1344
6961,P641
6962,P641
6963,P641
6964,P17
6965,P17
6966,P17
6967,P118
6968,P17
6969,P641
6970,P131
6971,P641
6972,P17
6973,P641
6974,P641
6975,P641
6976,P118
6977,P131
6978,P641
6979,P156
6980,P641
6981,P641
6982,P641
6983,P641
6984,P17
6985,P17
6986,P413
6987,P156
6988,P156
6989,P641
6990,P131
6991,P1344
6992,P641
6993,P131
6994,P118
6995,P641
6996,P641
6997,P118
6998,P27
6999,P27
7000,P27
7001,P155
7002,P1344
7003,P641
7004,P1344
7005,P1344
7006,P156
7007,P1344
7008,P1344
7009,P1344
7010,P641
7011,P156
7012,P641
7013,P413
7014,P413
7015,P641
7016,P17
7017,P413
7018,P641
7019,P1344
7020,P118
7021,P118
7022,P118
7023,P641
7024,P1344
7025,P118
7026,P413
7027,P131
7028,P131
7029,P131
7030,P131
7031,P641
7032,P17
7033,P641
7034,P413
7035,P413
7036,P17
7037,P118
7038,P17
7039,P17
7040,P17
7041,P155
7042,P17
7043,P641
7044,P1344
7045,P155
7046,P131
7047,P131
7048,P27
7049,P27
7050,P131
7051,P131
7052,P118
7053,P131
7054,P413
7055,P118
7056,P641
7057,P413
7058,P641
7059,P17
7060,P641
7061,P118
7062,P131
7063,P641
7064,P118
7065,P131
7066,P17
7067,P156
7068,P131
7069,P641
7070,P1344
7071,P641
7072,P1344
7073,P27
7074,P17
7075,P641
7076,P155
7077,P156
7078,P156
7079,P17
7080,P17
7081,P156
7082,P17
7083,P156
7084,P641
7085,P156
7086,P156
7087,P156
7088,P156
7089,P17
7090,P156
7091,P17
7092,P17
7093,P156
7094,P641
7095,P17
7096,P17
7097,P17
7098,P156
7099,P156
7100,P156
7101,P641
7102,P156
7103,P156
7104,P156
7105,P156
7106,P156
7107,P156
7108,P17
7109,P156
7110,P156
7111,P156
7112,P156
7113,P641
7114,P156
7115,P17
7116,P156
7117,P156
7118,P17
7119,P156
7120,P156
7121,P156
7122,P156
7123,P155
7124,P17
7125,P156
7126,P156
7127,P156
7128,P17
7129,P156
7130,P156
7131,P17
7132,P156
7133,P155
7134,P156
7135,P156
7136,P156
7137,P17
7138,P156
7139,P156
7140,P17
7141,P156
7142,P156
7143,P156
7144,P156
7145,P156
7146,P156
7147,P17
7148,P156
7149,P156
7150,P155
7151,P156
7152,P155
7153,P17
7154,P156
7155,P156
7156,P156
7157,P156
7158,P17
7159,P156
7160,P155
7161,P156
7162,P156
7163,P156
7164,P17
7165,P156
7166,P155
7167,P156
7168,P156
7169,P156
7170,P17
7171,P156
7172,P156
7173,P156
7174,P17
7175,P156
7176,P156
7177,P641
7178,P155
7179,P156
7180,P17
7181,P17
7182,P156
7183,P17
7184,P156
7185,P156
7186,P156
7187,P156
7188,P17
7189,P641
7190,P17
7191,P156
7192,P156
7193,P156
7194,P17
7195,P156
7196,P155
7197,P17
7198,P17
7199,P156
7200,P17
7201,P156
7202,P156
7203,P155
7204,P155
7205,P17
7206,P17
7207,P155
7208,P156
7209,P17
7210,P17
7211,P641
7212,P156
7213,P156
7214,P17
7215,P156
7216,P156
7217,P17
7218,P156
7219,P156
7220,P641
7221,P156
7222,P156
7223,P156
7224,P17
7225,P17
7226,P156
7227,P156
7228,P156
7229,P17
7230,P156
7231,P17
7232,P17
7233,P641
7234,P156
7235,P156
7236,P17
7237,P156
7238,P156
7239,P17
7240,P156
7241,P156
7242,P17
7243,P17
7244,P156
7245,P156
7246,P17
7247,P641
7248,P17
7249,P156
7250,P156
7251,P156
7252,P17
7253,P17
7254,P156
7255,P641
7256,P641
7257,P156
7258,P156
7259,P156
7260,P156
7261,P156
7262,P156
7263,P641
7264,P641
7265,P156
7266,P156
7267,P17
7268,P156
7269,P156
7270,P641
7271,P17
7272,P156
7273,P156
7274,P155
7275,P155
7276,P641
7277,P156
7278,P118
7279,P641
7280,P156
7281,P155
7282,P155
7283,P155
7284,P156
7285,P641
7286,P131
7287,P131
7288,P118
7289,P17
7290,P131
7291,P641
7292,P131
7293,P17
7294,P641
7295,P641
7296,P641
7297,P641
7298,P118
7299,P1344
7300,P1344
7301,P17
7302,P641
7303,P17
7304,P17
7305,P641
7306,P641
7307,P156
7308,P156
7309,P156
7310,P156
7311,P155
7312,P641
7313,P17
7314,P641
7315,P641
7316,P641
7317,P641
7318,P413
7319,P413
7320,P118
7321,P156
7322,P155
7323,P641
7324,P641
7325,P1344
7326,P1344
7327,P17
7328,P17
7329,P413
7330,P641
7331,P17
7332,P17
7333,P413
7334,P641
7335,P641
7336,P413
7337,P27
7338,P641
7339,P641
7340,P5353
7341,P5353
7342,P27
7343,P641
7344,P1344
7345,P1344
7346,P641
7347,P156
7348,P17
7349,P17
7350,P17
7351,P641
7352,P641
7353,P641
7354,P641
7355,P131
7356,P641
7357,P641
7358,P641
7359,P17
7360,P641
7361,P641
7362,P641
7363,P17
7364,P156
7365,P17
7366,P641
7367,P118
7368,P17
7369,P17
7370,P641
7371,P413
7372,P413
7373,P27
7374,P641
7375,P118
7376,P641
7377,P5353
7378,P5353
7379,P5353
7380,P5353
7381,P641
7382,P131
7383,P131
7384,P27
7385,P27
7386,P131
7387,P118
7388,P118
7389,P641
7390,P17
7391,P118
7392,P641
7393,P641
7394,P17
7395,P131
7396,P641
7397,P641
7398,P118
7399,P641
7400,P641
7401,P118
7402,P641
7403,P641
7404,P131
7405,P641
7406,P641
7407,P413
7408,P641
7409,P641
7410,P641
7411,P641
7412,P641
7413,P131
7414,P156
7415,P156
7416,P118
7417,P641
7418,P131
7419,P641
7420,P641
7421,P641
7422,P413
7423,P641
7424,P641
7425,P118
7426,P118
7427,P118
7428,P131
7429,P131
7430,P17
7431,P27
7432,P27
7433,P413
7434,P131
7435,P17
7436,P641
7437,P5353
7438,P641
7439,P641
7440,P27
7441,P118
7442,P1344
7443,P1344
7444,P156
7445,P131
7446,P641
7447,P641
7448,P27
7449,P17
7450,P641
7451,P156
7452,P156
7453,P156
7454,P156
7455,P131
7456,P156
7457,P17
7458,P156
7459,P17
7460,P156
7461,P131
7462,P641
7463,P641
7464,P131
7465,P641
7466,P641
7467,P17
7468,P641
7469,P118
7470,P641
7471,P5353
7472,P641
7473,P131
7474,P27
7475,P131
7476,P641
7477,P5353
7478,P5353
7479,P5353
7480,P5353
7481,P641
7482,P17
7483,P17
7484,P17
7485,P17
7486,P17
7487,P17
7488,P17
7489,P17
7490,P17
7491,P17
7492,P17
7493,P641
7494,P131
7495,P641
7496,P131
7497,P413
7498,P17
7499,P641
7500,P17
7501,P641
7502,P118
7503,P131
7504,P27
7505,P641
7506,P641
7507,P641
7508,P641
7509,P17
7510,P131
7511,P17
7512,P641
7513,P155
7514,P155
7515,P155
7516,P155
7517,P155
7518,P131
7519,P27
7520,P641
7521,P131
7522,P641
7523,P27
7524,P27
7525,P413
7526,P131
7527,P641
7528,P1344
7529,P641
7530,P641
7531,P131
7532,P641
7533,P131
7534,P641
7535,P641
7536,P131
7537,P17
7538,P641
7539,P641
7540,P413
7541,P118
7542,P118
7543,P17
7544,P1344
7545,P1344
7546,P1344
7547,P641
7548,P641
7549,P1344
7550,P641
7551,P641
7552,P131
7553,P17
7554,P17
7555,P17
7556,P641
7557,P641
7558,P17
7559,P17
7560,P118
7561,P118
7562,P27
7563,P27
7564,P131
7565,P641
7566,P413
7567,P27
7568,P131
7569,P27
7570,P641
7571,P131
7572,P413
7573,P641
7574,P156
7575,P155
7576,P641
7577,P118
7578,P641
7579,P641
7580,P641
7581,P413
7582,P641
7583,P641
7584,P641
7585,P17
7586,P641
7587,P118
7588,P641
7589,P641
7590,P641
7591,P413
7592,P413
7593,P641
7594,P17
7595,P131
7596,P155
7597,P118
7598,P118
7599,P641
7600,P641
7601,P641
7602,P131
7603,P131
7604,P641
7605,P641
7606,P156
7607,P156
7608,P155
7609,P156
7610,P156
7611,P118
7612,P641
7613,P641
7614,P641
7615,P413
7616,P17
7617,P118
7618,P17
7619,P131
7620,P131
7621,P17
7622,P131
7623,P27
7624,P118
7625,P118
7626,P131
7627,P118
7628,P131
7629,P131
7630,P641
7631,P413
7632,P413
7633,P118
7634,P641
7635,P641
7636,P155
7637,P131
7638,P17
7639,P641
7640,P641
7641,P641
7642,P131
7643,P5353
7644,P641
7645,P118
7646,P641
7647,P27
7648,P156
7649,P641
7650,P641
7651,P118
7652,P641
7653,P641
7654,P641
7655,P118
7656,P641
7657,P641
7658,P641
7659,P641
7660,P118
7661,P118
7662,P118
7663,P27
7664,P27
7665,P641
7666,P156
7667,P17
7668,P131
7669,P17
7670,P641
7671,P118
7672,P641
7673,P17
7674,P5353
7675,P131
7676,P131
7677,P17
7678,P641
7679,P155
7680,P641
7681,P118
7682,P641
7683,P1344
7684,P641
7685,P118
7686,P118
7687,P131
7688,P155
7689,P156
7690,P156
7691,P155
7692,P156
7693,P156
7694,P641
7695,P641
7696,P641
7697,P641
7698,P641
7699,P641
7700,P17
7701,P17
7702,P118
7703,P17
7704,P17
7705,P17
7706,P641
7707,P17
7708,P17
7709,P641
7710,P131
7711,P131
7712,P413
7713,P413
7714,P1344
7715,P131
7716,P131
7717,P641
7718,P641
7719,P118
7720,P641
7721,P131
7722,P118
7723,P118
7724,P118
7725,P156
7726,P641
7727,P155
7728,P155
7729,P155
7730,P155
7731,P155
7732,P155
7733,P1344
7734,P131
7735,P641
7736,P1344
7737,P1344
7738,P1344
7739,P641
7740,P1344
7741,P131
7742,P131
7743,P17
7744,P641
7745,P641
7746,P131
7747,P17
7748,P17
7749,P641
7750,P641
7751,P641
7752,P641
7753,P131
7754,P131
7755,P131
7756,P641
7757,P118
7758,P118
7759,P641
7760,P131
7761,P131
7762,P413
7763,P641
7764,P641
7765,P641
7766,P641
7767,P118
7768,P131
7769,P27
7770,P17
7771,P641
7772,P641
7773,P5353
7774,P5353
7775,P5353
7776,P5353
7777,P5353
7778,P5353
7779,P5353
7780,P641
7781,P118
7782,P118
7783,P641
7784,P17
7785,P118
7786,P118
7787,P641
7788,P641
7789,P131
7790,P641
7791,P641
7792,P17
7793,P131
7794,P641
7795,P641
7796,P641
7797,P641
7798,P17
7799,P131
7800,P5353
7801,P641
7802,P641
7803,P118
7804,P131
7805,P131
7806,P155
7807,P131
7808,P641
7809,P641
7810,P641
7811,P131
7812,P155
7813,P155
7814,P641
7815,P641
7816,P17
7817,P641
7818,P17
7819,P17
7820,P17
7821,P131
7822,P131
7823,P17
7824,P17
7825,P17
7826,P131
7827,P17
7828,P17
7829,P27
7830,P641
7831,P118
7832,P413
7833,P5353
7834,P131
7835,P641
7836,P641
7837,P118
7838,P413
7839,P413
7840,P131
7841,P641
7842,P641
7843,P641
7844,P641
7845,P1344
7846,P641
7847,P641
7848,P641
7849,P118
7850,P27
7851,P641
7852,P641
7853,P118
7854,P131
7855,P131
7856,P641
7857,P131
7858,P641
7859,P1344
7860,P641
7861,P1344
7862,P17
7863,P118
7864,P27
7865,P131
7866,P27
7867,P27
7868,P641
7869,P118
7870,P641
7871,P641
7872,P641
7873,P131
7874,P131
7875,P155
7876,P155
7877,P641
7878,P131
7879,P118
7880,P641
7881,P131
7882,P641
7883,P641
7884,P641
7885,P131
7886,P641
7887,P641
7888,P1344
7889,P118
7890,P641
7891,P641
7892,P641
7893,P641
7894,P17
7895,P156
7896,P641
7897,P641
7898,P641
7899,P641
7900,P156
7901,P118
7902,P1344
7903,P17
7904,P17
7905,P17
7906,P17
7907,P17
7908,P641
7909,P641
7910,P17
7911,P641
7912,P641
7913,P641
7914,P1344
7915,P131
7916,P17
7917,P641
7918,P17
7919,P17
7920,P641
7921,P641
7922,P641
7923,P641
7924,P118
7925,P118
7926,P641
7927,P641
7928,P17
7929,P17
7930,P17
7931,P641
7932,P131
7933,P131
7934,P1344
7935,P17
7936,P17
7937,P641
7938,P118
7939,P131
7940,P131
7941,P118
7942,P413
7943,P131
7944,P641
7945,P17
7946,P641
7947,P118
7948,P641
7949,P17
7950,P641
7951,P1344
7952,P131
7953,P17
7954,P17
7955,P155
7956,P156
7957,P155
7958,P155
7959,P155
7960,P27
7961,P17
7962,P131
7963,P641
7964,P155
7965,P641
7966,P27
7967,P27
7968,P27
7969,P27
7970,P641
7971,P131
7972,P131
7973,P131
7974,P131
7975,P131
7976,P131
7977,P118
7978,P17
7979,P641
7980,P131
7981,P131
7982,P17
7983,P641
7984,P17
7985,P17
7986,P118
7987,P131
7988,P17
7989,P641
7990,P1344
7991,P131
7992,P17
7993,P641
7994,P641
7995,P131
7996,P641
7997,P17
7998,P413
7999,P641
8000,P641
8001,P118
8002,P641
8003,P641
8004,P641
8005,P641
8006,P156
8007,P156
8008,P17
8009,P156
8010,P156
8011,P156
8012,P156
8013,P641
8014,P156
8015,P156
8016,P131
8017,P156
8018,P156
8019,P156
8020,P156
8021,P131
8022,P131
8023,P17
8024,P641
8025,P156
8026,P155
8027,P27
8028,P17
8029,P156
8030,P17
8031,P17
8032,P156
8033,P156
8034,P641
8035,P155
8036,P131
8037,P156
8038,P156
8039,P156
8040,P131
8041,P17
8042,P641
8043,P17
8044,P156
8045,P17
8046,P17
8047,P17
8048,P641
8049,P131
8050,P156
8051,P156
8052,P17
8053,P17
8054,P17
8055,P156
8056,P156
8057,P641
8058,P156
8059,P156
8060,P156
8061,P17
8062,P17
8063,P156
8064,P156
8065,P156
8066,P156
8067,P641
8068,P641
8069,P156
8070,P156
8071,P156
8072,P27
8073,P17
8074,P17
8075,P156
8076,P156
8077,P156
8078,P641
8079,P155
8080,P17
8081,P131
8082,P131
8083,P641
8084,P155
8085,P131
8086,P156
8087,P156
8088,P156
8089,P156
8090,P17
8091,P17
8092,P17
8093,P17
8094,P155
8095,P27
8096,P156
8097,P156
8098,P156
8099,P641
8100,P156
8101,P155
8102,P17
8103,P156
8104,P156
8105,P156
8106,P156
8107,P17
8108,P641
8109,P155
8110,P118
8111,P155
8112,P156
8113,P156
8114,P17
8115,P17
8116,P156
8117,P641
8118,P156
8119,P17
8120,P156
8121,P156
8122,P17
8123,P641
8124,P118
8125,P155
8126,P156
8127,P156
8128,P156
8129,P156
8130,P17
8131,P641
8132,P155
8133,P156
8134,P156
8135,P156
8136,P156
8137,P641
8138,P17
8139,P156
8140,P17
8141,P17
8142,P17
8143,P156
8144,P17
8145,P156
8146,P641
8147,P155
8148,P155
8149,P156
8150,P17
8151,P17
8152,P155
8153,P156
8154,P155
8155,P17
8156,P17
8157,P17
8158,P156
8159,P641
8160,P131
8161,P155
8162,P156
8163,P155
8164,P156
8165,P156
8166,P155
8167,P131
8168,P156
8169,P131
8170,P156
8171,P156
8172,P156
8173,P17
8174,P17
8175,P156
8176,P17
8177,P641
8178,P156
8179,P156
8180,P17
8181,P156
8182,P17
8183,P641
8184,P156
8185,P156
8186,P156
8187,P156
8188,P17
8189,P17
8190,P156
8191,P156
8192,P156
8193,P155
8194,P156
8195,P156
8196,P17
8197,P641
8198,P156
8199,P17
8200,P17
8201,P156
8202,P156
8203,P156
8204,P156
8205,P641
8206,P156
8207,P156
8208,P156
8209,P17
8210,P156
8211,P17
8212,P156
8213,P156
8214,P156
8215,P156
8216,P156
8217,P641
8218,P155
8219,P156
8220,P156
8221,P156
8222,P17
8223,P131
8224,P131
8225,P156
8226,P156
8227,P641
8228,P17
8229,P156
8230,P131
8231,P156
8232,P17
8233,P156
8234,P156
8235,P156
8236,P156
8237,P156
8238,P17
8239,P17
8240,P641
8241,P156
8242,P131
8243,P156
8244,P156
8245,P17
8246,P156
8247,P156
8248,P156
8249,P156
8250,P17
8251,P156
8252,P641
8253,P17
8254,P156
8255,P156
8256,P17
8257,P641
8258,P156
8259,P156
8260,P156
8261,P156
8262,P641
8263,P156
8264,P156
8265,P156
8266,P156
8267,P413
8268,P118
8269,P413
8270,P131
8271,P641
8272,P641
8273,P641
8274,P641
8275,P156
8276,P17
8277,P641
8278,P118
8279,P131
8280,P413
8281,P641
8282,P641
8283,P641
8284,P641
8285,P641
8286,P131
8287,P131
8288,P641
8289,P131
8290,P641
8291,P1344
8292,P131
8293,P27
8294,P641
8295,P156
8296,P641
8297,P641
8298,P413
8299,P413
8300,P118
8301,P118
8302,P17
8303,P641
8304,P641
8305,P155
8306,P641
8307,P17
8308,P641
8309,P641
8310,P17
8311,P641
8312,P131
8313,P118
8314,P155
8315,P1344
8316,P641
8317,P641
8318,P118
8319,P118
8320,P17
8321,P641
8322,P641
8323,P131
8324,P1344
8325,P131
8326,P131
8327,P641
8328,P641
8329,P641
8330,P641
8331,P17
8332,P118
8333,P641
8334,P641
8335,P155
8336,P413
8337,P413
8338,P118
8339,P118
8340,P17
8341,P156
8342,P155
8343,P155
8344,P156
8345,P155
8346,P641
8347,P641
8348,P131
8349,P131
8350,P641
8351,P641
8352,P641
8353,P641
8354,P641
8355,P131
8356,P641
8357,P641
8358,P17
8359,P131
8360,P641
8361,P1344
8362,P1344
8363,P1344
8364,P1344
8365,P17
8366,P1344
8367,P27
8368,P131
8369,P641
8370,P413
8371,P641
8372,P641
8373,P5353
8374,P641
8375,P641
8376,P641
8377,P155
8378,P131
8379,P131
8380,P131
8381,P413
8382,P413
8383,P27
8384,P641
8385,P131
8386,P131
8387,P641
8388,P641
8389,P641
8390,P641
8391,P641
8392,P641
8393,P17
8394,P17
8395,P641
8396,P131
8397,P17
8398,P641
8399,P641
8400,P131
8401,P1344
8402,P641
8403,P131
8404,P641
8405,P17
8406,P131
8407,P156
8408,P156
8409,P155
8410,P156
8411,P156
8412,P17
8413,P156
8414,P641
8415,P17
8416,P17
8417,P17
8418,P156
8419,P641
8420,P156
8421,P156
8422,P17
8423,P17
8424,P17
8425,P156
8426,P156
8427,P156
8428,P17
8429,P17
8430,P156
8431,P17
8432,P156
8433,P17
8434,P17
8435,P156
8436,P156
8437,P17
8438,P17
8439,P156
8440,P156
8441,P17
8442,P156
8443,P641
8444,P17
8445,P17
8446,P17
8447,P156
8448,P156
8449,P17
8450,P156
8451,P156
8452,P156
8453,P641
8454,P641
8455,P156
8456,P17
8457,P155
8458,P156
8459,P155
8460,P155
8461,P17
8462,P156
8463,P156
8464,P156
8465,P17
8466,P641
8467,P156
8468,P156
8469,P156
8470,P156
8471,P156
8472,P156
8473,P156
8474,P156
8475,P17
8476,P156
8477,P156
8478,P156
8479,P156
8480,P156
8481,P156
8482,P17
8483,P17
8484,P156
8485,P641
8486,P17
8487,P156
8488,P156
8489,P156
8490,P156
8491,P17
8492,P17
8493,P156
8494,P17
8495,P156
8496,P17
8497,P156
8498,P641
8499,P17
8500,P156
8501,P155
8502,P17
8503,P156
8504,P156
8505,P17
8506,P17
8507,P156
8508,P156
8509,P156
8510,P156
8511,P17
8512,P156
8513,P17
8514,P156
8515,P17
8516,P156
8517,P156
8518,P17
8519,P17
8520,P156
8521,P17
8522,P156
8523,P641
8524,P156
8525,P156
8526,P156
8527,P156
8528,P156
8529,P156
8530,P17
8531,P156
8532,P17
8533,P17
8534,P156
8535,P641
8536,P156
8537,P156
8538,P156
8539,P156
8540,P156
8541,P156
8542,P156
8543,P156
8544,P156
8545,P17
8546,P17
8547,P156
8548,P156
8549,P156
8550,P156
8551,P156
8552,P17
8553,P156
8554,P156
8555,P156
8556,P641
8557,P17
8558,P17
8559,P17
8560,P156
8561,P156
8562,P641
8563,P17
8564,P17
8565,P156
8566,P156
8567,P17
8568,P155
8569,P156
8570,P156
8571,P156
8572,P156
8573,P641
8574,P156
8575,P17
8576,P156
8577,P17
8578,P156
8579,P156
8580,P156
8581,P156
8582,P156
8583,P155
8584,P156
8585,P17
8586,P156
8587,P17
8588,P156
8589,P156
8590,P156
8591,P17
8592,P641
8593,P17
8594,P156
8595,P156
8596,P17
8597,P155
8598,P17
8599,P17
8600,P17
8601,P17
8602,P17
8603,P17
8604,P641
8605,P17
8606,P155
8607,P17
8608,P641
8609,P156
8610,P156
8611,P17
8612,P156
8613,P641
8614,P156
8615,P156
8616,P156
8617,P156
8618,P17
8619,P17
8620,P156
8621,P641
8622,P17
8623,P17
8624,P17
8625,P156
8626,P17
8627,P641
8628,P156
8629,P156
8630,P17
8631,P17
8632,P156
8633,P156
8634,P155
8635,P17
8636,P131
8637,P17
8638,P17
8639,P17
8640,P131
8641,P17
8642,P17
8643,P17
8644,P641
8645,P17
8646,P118
8647,P131
8648,P641
8649,P641
8650,P17
8651,P641
8652,P641
8653,P131
8654,P641
8655,P641
8656,P131
8657,P1344
8658,P1344
8659,P1344
8660,P17
8661,P131
